PM10,Proximity_to_Industrial_Areas,Dangerous
17.9,6.3,N
12.2,6,N
33.8,5.2,N
6.3,11.1,N
16,12.7,N
35.5,3.1,Y
15.8,4.6,Y
16.8,6.3,N
22.7,5.4,N
24.4,4.9,N
5.5,13,N
10.5,5.9,N
12.9,10.2,N
34,11,N
12,10.4,N
29.9,7.9,N
10.4,14.4,N
56.6,4.1,N
15.7,6.1,N
24.6,7.7,Y
14.4,8,N
10.9,14.4,N
-0.2,10,N
15.4,11.2,N
2,17.9,N
21.3,11.5,N
3.9,10.1,N
16.6,3.5,Y
9.3,10.2,N
91.2,2.9,Y
57.3,3.5,Y
29,10.9,N
33.2,5.1,N
94.4,10,Y
16.8,10.8,N
93.5,7.4,N
34.1,11.1,N
25,13.2,N
8.4,10.2,N
72.7,4.9,Y
2.2,2.5,Y
67.1,4.3,Y
85.2,8.5,N
37,5.5,N
13.2,8.1,N
6.9,11.6,N
8.1,12.9,N
5.2,10.9,N
8.4,10.2,N
84.8,13.2,N
35.3,2.8,Y
10.1,10.6,N
19.3,6.3,N
169.8,7.3,Y
56.5,3.7,Y
19,6,Y
26.9,7.6,N
44.4,5.7,N
27.9,8.1,N
29.9,5.4,N
19.7,10.2,N
90,4.8,Y
110.4,6.8,Y
20.6,10.7,N
15.9,11,N
8.8,10.8,N
23.3,6.8,Y
54,5.2,Y
40.3,10.8,N
45.5,7.8,N
10.8,10.1,N
25,9.5,N
30.3,4.9,Y
9.3,10,N
9.2,10.2,N
19.2,7.3,N
35.6,5.3,N
15.4,10.5,N
76.8,6.6,N
13.9,16.4,N
21.2,10.6,N
6.4,11.8,N
42.6,6.8,Y
52.8,2.5,Y
21.4,11,N
21.7,11.1,N
41.3,4.4,N
15.8,11.2,N
29.5,10.4,N
30.2,6.8,Y
5,12.4,N
26,10.7,N
6.7,14.7,N
28.3,4.1,Y
15,12.9,N
18.7,5.7,N
16.3,5.1,N
15.9,7.3,N
19.9,10.3,N
23.4,6,Y
5,11,N
28.5,5.5,N
23,12.5,N
10.4,12.5,N
47.4,4,N
13,10.7,N
87,2.9,Y
109.9,5,N
8.3,19.7,N
20.7,10.7,N
53,6.6,N
15.4,4.8,Y
8.9,10.2,N
30.7,7.3,N
261.5,3.1,Y
16.9,10.4,N
6.4,10.1,N
33.1,5.3,Y
89.8,4.1,Y
6.2,14.2,N
59.6,6.3,N
8,12.8,N
11.3,8.2,N
44.4,7.7,N
40.1,6.5,N
5,7.5,N
22.4,6,N
4.7,11.4,N
30.4,5.1,N
6.9,12.5,N
11.5,7.1,N
20.5,5.5,N
5.6,5.9,N
16.3,10,N
19,6.8,N
37.3,5.7,N
31.7,3,Y
7.3,12.6,N
25.3,6.3,N
43.9,5.6,N
25.9,10.8,N
12.8,12.5,N
6.5,13.8,N
17.5,5.1,N
21.1,6.6,N
7.2,10.9,N
127.4,8.2,Y
46,3.2,Y
32.3,10.9,N
8.2,10.4,N
30.1,2.6,Y
159.9,5.6,N
21.6,5,N
20.8,7.2,N
43.8,3.1,Y
15.2,6,N
47.3,6,N
28.1,10,N
19.7,8.1,N
24.1,5.1,Y
18,10.8,N
25.3,5.9,N
76.2,3.5,Y
74.1,5.5,N
55.1,6.9,N
85.3,9,Y
19.2,8,N
10.5,12.7,N
27.2,8.5,N
22.7,5.2,Y
31.3,10.8,N
15.9,7.3,N
5.2,10.7,N
7.5,10.8,N
42.9,4.5,Y
29.3,5.7,N
17.5,5.1,Y
14.3,5.4,N
50.6,3.2,Y
26.2,10.4,N
138.7,6.4,Y
10.8,6.4,N
54.8,4.2,N
8.3,10.1,N
53.6,5.6,N
9.5,12.5,N
52.8,7.6,N
34.6,5.4,N
17,10,N
15.1,5.1,N
23.6,6.4,Y
93.5,10.4,N
47.1,6.8,Y
53.9,6.7,N
30.3,6.3,N
52.7,7.5,N
14.3,11.2,N
32.3,11.8,N
72,3.5,Y
,,
,,
,,
,,
,,
,,
,,
,,
,,
,,
,,
,,
,,
,,
,,
,,
,,
,,
,,
,,
,,
,,
,,
,,
,,
,,
,,
,,
,,
,,
,,
,,
,,
,,
,,
,,
,,
,,
,,
,,
,,
,,
,,
,,
,,
,,
,,
,,
,,
,,
,,
,,
,,
,,
,,
,,
,,
,,
,,
,,
13.9,7.7,N
25,7.5,N
6.9,15.7,N
8.5,13.1,N
41.3,5.9,N
49.8,8.5,N
23.1,12.1,N
65.4,5.2,N
34.2,3.1,N
24.8,6.7,N
96.6,5.7,N
6,11.6,N
19.6,5.1,N
9.3,16,N
15.4,8.7,N
4.7,5.3,N
8.1,15.6,N
9.5,5.7,N
26,12.2,N
42.9,9.1,N
16.5,16.7,N
23.5,12.1,N
30,7.2,N
62.9,3.7,N
34.1,6.5,N
34,6.1,N
15.8,5.2,N
9.8,10.9,N
80.4,3.4,N
14.9,6.3,N
103.4,7.4,N
44,6.4,N
78.1,7.2,N
50.4,3.3,N
8.2,17,N
81.9,2.7,N
10,12.1,N
21.1,11.3,N
25.3,8,N
127.8,9.2,N
6.4,10.5,N
13,10.5,N
10.4,10.8,N
19.6,11.4,N
27.3,11.1,N
76.5,5.7,N
15.2,5.4,N
13,10.1,N
19.1,10.5,N
20.3,10.5,N
27.8,10,N
15,11.5,N
6.5,10.5,N
22.2,9.1,N
21.7,2.7,N
14.8,8.4,N
3.5,10.3,N
8.6,10.5,N
7.9,11.6,N
6.7,16,N
16.6,10.5,N
99.8,5.2,N
46.7,2.8,N
65.5,9,N
25.3,5.5,N
30.2,2.9,N
66.5,6,N
35.9,7.4,N
20.1,6.2,N
7.1,13.2,N
23.6,10.1,N
78.8,12.2,N
7.3,11.7,N
11.5,13.6,N
27.3,10.5,N
69.5,3.5,N
32.8,5,N
10.3,10.3,N
20,6.7,N
68.4,3.4,N
46.2,3.7,N
51.4,3.6,N
9,10.6,N
10.2,11.6,N
11.4,10.8,N
25.3,13.8,N
53.6,3.8,N
14.2,10.2,N
13.9,12.3,N
38.7,4.8,N
3.2,13.4,N
40.7,11.5,N
12.5,10.6,N
18.7,6.5,N
34.1,3.1,N
16,7.2,N
7.9,10.1,N
3.9,10.6,N
5.7,15.6,N
6.9,11.3,N
25.9,14.8,N
11.2,11.3,N
19.8,9.3,N
29.5,4.1,N
26.8,13.7,N
16.4,10.1,N
8.4,10.5,N
74.7,3.6,N
16.1,5.7,N
9.2,11.1,N
5.5,10.7,N
27.1,5.5,N
52,3.3,N
11.1,7.1,N
26.5,3.9,N
12.3,5.4,N
194.7,6.5,N
22.2,5.4,N
31.9,5.9,N
4.3,14.6,N
43.8,7.6,N
61.9,10.8,N
44.8,4.5,N
13.1,5,N
37.7,6.4,N
33.8,4.4,N
41.3,10.6,N
9.5,5.9,N
42.4,3.8,N
16.9,10.4,N
97.7,11.6,N
5.8,15.7,N
18.9,3.9,N
35.1,10.5,N
30.1,3.8,N
14.5,13.2,N
7.8,13.4,N
19.1,12.2,N
18.7,4.6,N
52.2,9,N
39.6,9,N
14.9,10.5,N
22.4,3.8,N
31.3,6.9,N
36.6,11.1,N
212.6,10.2,N
24.8,3.8,N
40.8,6.4,N
14.7,11.4,N
19.8,12,N
22.1,5.8,N
15,4,N
14.5,5.4,N
7.9,6.2,N
88.8,4.9,N
37.3,4,N
28.8,7.8,N
9.9,13.7,N
20.6,5.6,N
6.7,15.2,N
17.4,10.4,N
43.1,6.3,N
4.2,14.5,N
7.1,13.1,N
8.1,11.1,N
15.2,16.2,N
8.1,11.9,N
44.1,3,N
26.6,4.1,N
40.4,5,N
24,11.1,N
10.7,5.7,N
78.8,4.7,N
6.6,12.1,N
15,3.7,N
9.1,13.8,N
53.1,10.8,N
19.2,5.4,N
10.4,14.5,N
9.1,11.5,N
33,7.3,N
52.4,7.9,N
31.8,6.9,N
7.2,12.2,N
15.2,10,N
8.4,12.5,N
8.9,12.4,N
59.3,5.3,N
7.4,10.4,N
10.7,10.9,N
18.9,12.9,N
50.8,5.4,N
39.3,10.6,N
15.7,5.9,N
20.2,14.4,N
4.9,10.5,N
59.3,5.7,N
98,11.6,N
34.7,10.6,N
17,4.8,N
9.7,13.7,N
30.6,6.4,N
34.3,4.1,N
87.1,9,N
62.7,5.8,N
5.1,11.8,N
6.7,2.8,N
23.2,7.8,N
47.1,4.9,N
51.1,10.3,N
10.5,5.6,N
17.5,11.5,N
19.7,5.1,N
8.6,14.1,N
11.5,11.3,N
73.9,4.2,N
24.8,5.2,N
4.7,10.9,N
37.7,3.4,N
64.9,6.4,N
10.9,13,N
6,10.9,N
20,11.3,N
31.3,7.5,N
74,3.7,N
19.5,11.5,N
40.7,6.8,N
12.2,10.4,N
8.1,5.3,N
68,4.8,N
25.2,2.6,N
13.6,12.1,N
26.7,6.5,N
7.5,3.6,N
14.5,13.2,N
28.8,12.1,N
28.6,10.9,N
29.7,10.6,N
38.8,4.9,N
47.1,3.9,N
43.4,5.7,
56.7,5.4,
91.7,4.3,
5.7,11.3,
15.3,6.8,
23.8,5.1,
44.3,7.5,
9.5,10.7,
39.9,14,
67.7,4.9,
61.2,5.2,
41.3,5.6,
9,10.1,
17.3,5.1,
53.1,4.7,
22,10.3,
34.6,7.5,
5.4,10.6,
28.6,4.7,
26.2,5.8,
38.4,3.9,
11.6,15.2,
9.2,10.2,
19.1,4.2,
31.2,6,
20.2,10.6,
209.8,5.8,
39.6,7.2,
36.1,7.3,
9.9,8.8,
70,6.8,
19.2,11.2,
15.4,10.4,
8.7,12.3,
16.8,5.9,
23.3,13,
45.9,5.5,
3.5,10.6,
32.7,6.8,
45,6,
80.7,9.2,
42.7,10,
33.5,5.3,
47.9,10.3,
31.4,6.1,
41.6,6,
31.7,5.2,
44.2,13.7,
10.1,10.8,
29.7,16.3,
29,5.7,
31.2,4,
18.9,5.4,
35.6,4.1,
12.5,6.5,
11.2,16.6,
17,10.7,
14.1,5.4,
25.3,3.9,
15.8,12.8,
26.9,5.5,
132.1,8.1,
49.4,5.1,
32.6,3.3,
12.3,10.9,
55.1,4.1,
5.8,13.2,
33,7.7,
18.2,11.1,
41.7,10.1,
30,12.2,
11.8,10.5,
176.5,5.3,
92.2,3,
18.5,8.9,
14.8,8.8,
19.1,6,
16.9,10.3,
14.3,11.5,
11.9,7.6,
12.3,5.2,
21.7,12.6,
23.5,6,
34.1,13.6,
9,14.6,
29,9,
52.2,5.6,
12.1,5.4,
10.5,10.4,
31.4,3.4,
16.1,10.3,
33.8,4,
15.5,11.2,
19.5,13.5,
19.9,6.7,
22.4,4.5,
10.9,10.6,
16.3,10.8,
10.1,5.6,
22.2,5.3,
32.7,5.6,
31.6,5.1,
51.6,5.7,
23.7,6.9,
19.1,4.7,
39.3,5.4,
57.5,5.1,
19.9,10.1,
14.7,10.6,
30.3,7.4,
13.3,10.8,
19.4,10.1,
11.9,6.7,
58.3,2.6,
12.3,11.8,
31.7,5.3,
22.3,5.7,
12.6,5.6,
15,5.6,
12.2,10,
28.9,5.2,
14.4,5,
55.6,7.8,
8.4,10.6,
16.3,5.6,
43.8,4.2,
20.8,11.3,
20.8,4.8,
27.4,10.9,
32.4,6.1,
15.5,14.3,
61,5.8,
79.4,4.6,
96.5,8.2,
9.6,12.7,
13.9,7,
11.8,11.6,
57.8,11.2,
69,5.7,
27.9,3.8,
34.7,2.7,
14.5,12,
8.1,12.8,
34.2,6.8,
98.3,5.4,
7.3,12.3,
24,11.6,
10.7,11.2,
16.8,10.9,
36.5,3.8,
25.8,6,
15.4,6.2,
91.6,5.5,
9.8,8.9,
14,10.9,
12.4,3.9,
28.4,5.6,
21.3,6.3,
20.9,6.8,
33.4,6.3,
13.3,4.8,
34.1,11,
19.3,18.8,
75.5,6.1,
62.9,5.1,
10.7,12.1,
4.3,13.3,
25.4,6.1,
124.5,4.4,
56.7,7.4,
29.3,3.3,
10.8,21.8,
8.8,12.3,
33.9,7.5,
32.4,6.4,
11.7,11.6,
16,10.6,
40.1,7,
13,8.8,
41.2,4.2,
53.1,6.7,
10.9,11.1,
32.7,2.6,
84.9,6.4,
20.5,5,
20.1,9.6,
7.5,10.2,
21.2,3.6,
47.8,5.3,
34.5,3.7,
12.1,11.9,
34.1,3.8,
18.6,4,
19.5,10.2,
10,12.7,
63.7,3.2,
21.4,11.3,
8.6,5.2,
6.4,10.6,
17.4,6.6,
25.8,4.2,
12.4,10.1,
86.9,4.7,
6.4,5.9,
17.1,3.7,
16.9,12,
15.3,12.7,
19.6,19.4,
11.2,11.5,
93.5,7.1,
19.1,12,
28.8,10.2,
31.1,7.5,
58,11,
18.5,6.8,
15.1,8.5,
13.9,5.1,
10.1,11.2,
42.9,3.5,
13.2,11.1,
3.5,14.5,
27.1,5.3,
9.6,12.4,
52.6,6.1,
62.9,6,
13.3,9,
5.5,14,
45.9,6.6,
41.9,8.2,
13.4,11.9,
13.3,13.3,
18.9,5.3,
8,16.4,
19.6,15.5,
11,9.5,
12.7,10.9,
39.2,12.9,
41,8.5,
21.2,9.7,
49.2,5.6,
11,10.4,
20.8,7.5,
12.5,10.6,
5.5,10.8,
56,6.7,
33.1,4.3,
10.2,5.1,
34.9,5,
27.3,7.5,
8.9,11.1,
7.1,11,
12.5,10.6,
32.4,6,
8.1,10.2,
10.9,7.7,
6.6,20,
30.2,4,
20.9,4.8,
104,4.9,
19.7,5.5,
55.4,4.6,
16.2,10.9,
33.5,5.3,
19.3,12.4,
33.9,9.5,
9.7,10.5,
21.2,10.8,
38.3,5.6,
13.6,7.3,
117.2,9.5,
10.8,5.8,
22.9,5.9,
10.6,12.8,
9.7,13.8,
39.6,5.6,
15.7,3.7,
25.4,12.2,
54.1,4.3,
13,7.6,
7.9,10.4,
10.3,5.7,
97.4,5.3,
36.7,3.5,
31.4,5.2,
27.3,5.3,
16.3,14.8,
74.9,3.7,
25.9,8.6,
127.6,3.8,
56.7,15.1,
38.3,6.3,
23.6,5.2,
55,3.9,
7.5,13.1,
46.3,5.9,
19.9,10.8,
5.3,12.2,
68.6,6.7,
15.5,5.3,
11.6,10.2,
32.1,5.4,
8.8,7.7,
45.5,7.7,
12.9,5.2,
31.5,11.8,
15.7,7.2,
5.4,10.1,
155.1,8.5,
17.5,4.1,
35.3,5.6,
15.9,5.3,
6.6,6.1,
16.8,15,
1.7,13.3,
29.1,8.7,
15.7,10.2,
13.1,6.6,
2.2,10.5,
24.3,5.2,
25,10.1,
17.7,10.5,
32.7,4.3,
52.4,3.5,
28,4.2,
47.5,5.1,
11.2,6.6,
26.8,3.8,
33.5,4.4,
5.1,12.2,
22.7,7.6,
63.3,7.6,
7.3,11.5,
25.9,10.5,
28.9,10.1,
18.7,10.4,
26.2,7,
25.1,11.1,
93.4,3.5,
7.6,10.8,
9.6,11.4,
5.4,10.5,
17.9,4.3,
48.7,11.8,
7,13.7,
94.3,6,
33.5,11.2,
14.6,16.3,
29.9,12.4,
47.1,5.6,
10.9,17.6,
36.8,7.6,
11.3,6.5,
12.8,10.1,
25,4.6,
30.9,2.8,
33,5.5,
9.4,11.6,
17.9,4.2,
11.4,13.5,
15.4,6.8,
18.4,12.4,
42.2,3.7,
15.6,6.4,
35.2,6.3,
82.8,5.5,
1.5,11.2,
35.6,4.5,
14.1,5.6,
22.2,8,
4.2,12.7,
115.5,4.7,
75.7,4.6,
18.5,7.1,
50.3,4.2,
8.1,14.7,
12,13.5,
29.9,15,
16.2,11.2,
84.5,4.2,
32.1,3.5,
33.1,7.9,
65.6,3.8,
16.2,7.6,
115.6,6.7,
78.3,5.1,
20,15.5,
13.2,10.2,
35.3,5.7,
13.6,10.5,
24.5,6.9,
30,12.3,
21.5,11.7,
11.9,12.6,
27.2,3.6,
6.5,5.1,
13,5.5,
9,17.4,
33,11.6,
69.4,2.6,
46.1,2.6,
30.2,11.7,
11.2,10.5,
14.2,14.5,
6.8,12,
25.6,10.4,
40.7,8.8,
54.2,3.4,
19.2,3.4,
41.7,7.7,
32.1,6.1,
9.3,7.8,
34.2,5.3,
6.2,11.6,
4.7,10.6,
21.6,10.2,
87.5,6.3,
35,3.7,
88.9,4.2,
13.9,5.4,
60,6,
8.2,8.4,
20.4,11.3,
51.1,7.2,
90.4,9.6,
77.4,13.8,
26.3,5.8,
40.2,5.9,
11.5,10.1,
16.1,5.2,
22.9,10.4,
30.3,3.8,
14.7,10.4,
17.3,11.1,
57.5,6.1,
33.8,10.5,
22.4,13,
8.8,12.5,
14.9,5.4,
15.4,10.5,
4.8,11.7,
15.1,10.8,
5.7,11,
25.6,10.3,
9,5.3,
30.7,15.4,
42.3,2.9,
25.3,7.6,
10.7,8.1,
3.9,13.8,
9,11.2,
18.6,12.6,
25.2,14.8,
34.2,10.6,
17.2,10.5,
13.5,12.3,
8.7,12.5,
15.9,13.8,
61.3,5.7,
14,12.2,
23.3,5.5,
59.9,7,
45.3,3.3,
13.6,6.8,
6.4,18.9,
41.6,4.6,
17,10.2,
27.5,10.6,
10.6,11.5,
46.5,9.9,
29.4,2.8,
22,12.1,
9.5,12.1,
76.1,6.4,
34.7,5.9,
21.3,7.7,
11.4,5.2,
98.9,5.3,
50.7,4,
70.3,4.7,
52.7,4,
70.2,5.1,
37.4,4.9,
116.8,4.6,
19.9,9.1,
78.5,4.3,
30.1,5.3,
12.5,12.2,
10.9,12.8,
10.1,10.3,
7.4,10.8,
21.1,9.3,
61,3.7,
58.5,2.7,
8.7,5.7,
34.6,12.7,
79.2,3.7,
10.6,12.6,
16.5,10.2,
21.1,8,
51.4,7.5,
5.6,11.6,
15.6,5.9,
36.9,19.1,
8.8,11,
49.5,2.7,
26.7,10.3,
20.4,11.1,
11.4,11.3,
11.9,10.1,
13,5.5,
7.7,11.8,
0.2,13.7,
20.7,12.5,
62.4,6.7,
4.9,11.4,
157.1,2.8,
10.2,11.6,
13.2,10.5,
13,10,
14.5,12.3,
31.5,5.4,
32.8,3.8,
17.5,7.3,
8.1,12.4,
6,13.4,
39.3,5.7,
7.5,12.2,
29.2,8.9,
23.9,3.9,
49.8,10.3,
28,8,
31.9,5.8,
22.8,7.9,
34.6,5.3,
14.9,6.7,
14.1,12,
20.3,16,
15.7,15,
38.3,7,
8.6,10.9,
32.1,11.6,
3.1,10.3,
22.3,12.3,
59.3,6,
6.7,6.7,
27.4,6.6,
12.7,13.7,
38.7,5.9,
53.5,5,
92,5,
4.7,11.1,
27,6,
8.1,11.9,
15,11.4,
127.3,3.8,
8.9,10.6,
26.1,4.8,
72.3,5.4,
16.7,5.2,
47.4,3.4,
25.2,6.2,
23.6,5.1,
44.4,10.1,
20.7,8.2,
29,5.2,
9.9,11.8,
16.2,15,
34.2,10.7,
20.2,18.8,
19.4,11.3,
105,6.1,
7.4,11.9,
62.7,7.8,
16.3,12,
7.6,10.8,
6.4,10.4,
7.6,10.3,
11.8,10.2,
44.5,3.8,
15.6,7.6,
33.1,5.9,
47,5.2,
47.1,9.5,
56.8,5.7,
66.6,7.1,
14.1,5.3,
71.9,3.9,
6.3,10.5,
36.6,9,
19,12.7,
32.4,2.6,
9.1,6.3,
5.5,11.5,
27.7,3.6,
12.2,8,
8.2,13.1,
128.1,4.2,
22.6,9.5,
16.3,16.7,
29.7,7.5,
14.8,3.7,
9.5,11.5,
44.2,4.4,
38.1,5.4,
54.7,2.8,
82.7,4.6,
38.9,4.2,
22.6,8.5,
25.7,5.3,
12.5,10.5,
15.9,12.6,
98.3,4.3,
18.2,10.2,
11.1,15.9,
17.7,4.9,
69.9,2.7,
7.4,11.2,
117.5,4.1,
23.4,5.9,
31.1,11.2,
10.6,11,
19.8,11.6,
21.4,6.4,
5.4,11.1,
43.3,8.3,
19,8.3,
94.8,2.5,
1.9,10.3,
13.1,5.9,
57.5,2.6,
83.7,4.1,
38.6,3.4,
14.9,10.8,
48.3,2.6,
13.5,6,
34.2,16,
36,6.2,
20.4,5.1,
33.8,6.3,
46.5,5.5,
27.7,3.8,
33.6,11.9,
74.9,5,
15.2,10.9,
32.1,3.7,
16.2,12.2,
15.1,8.4,
14.2,10.7,
27.5,3.9,
9.5,11.9,
21.4,5.9,
49.4,5.3,
37.1,8.3,
17.2,11.3,
2.6,11.2,
25.4,11.6,
56.7,3.5,
44.8,5.4,
24.6,4.8,
9.7,12.7,
54.8,3.5,
11.6,10.9,
7.8,5.2,
12.2,10.8,
30,5.5,
18.5,7.7,
18.5,15.4,
38.6,10.7,
35.7,2.7,
21,5,
13.8,11.5,
5.9,12.4,
24.4,9.5,
20.7,3.6,
65.9,6.2,
47.6,3.5,
12.8,5.6,
62,3.1,
39.1,6.2,
2.3,19,
8.4,13.4,
9.1,14.1,
7.9,10.3,
28.9,10.9,
74.2,4,
30.7,4.5,
23.9,4.9,
30,7.6,
6.7,10.1,
14.5,6.8,
11.2,10.9,
24.9,3.7,
25.6,10.4,
10.7,11.6,
12.5,3.8,
49.5,3.4,
36.6,6,
13.9,6.9,
5.8,3.9,
39.4,6.4,
17.1,5.6,
7.3,11.9,
11.4,12.2,
19.1,5.1,
5.6,10.5,
12,10.3,
107.9,4.8,
19.5,14.2,
14.1,5.7,
13.1,13.1,
19.4,7.8,
94.5,4.1,
40,6.2,
23.6,4.1,
19.5,5.1,
9.3,5.4,
84.6,3.2,
29.1,7.4,
16.1,10.4,
7.3,12.8,
157,7.1,
48.9,3.8,
20,6.1,
11.7,8.9,
23.4,6.1,
4.7,16.1,
41.1,5.7,
30.3,8.2,
7.9,12.4,
32.8,5,
26.4,3.3,
30.6,4.5,
80.2,6,
10.9,5.2,
53,5.1,
10.3,11.5,
29.8,5.9,
5.7,12.9,
21.6,6.6,
33.4,6.2,
5.7,13.3,
16.5,5.7,
18.8,6.2,
59.5,3.6,
8.7,13.5,
7.5,10.9,
14.1,12.3,
69.2,5.2,
58,6.3,
88.5,6.8,
45.6,4.7,
19.9,5.3,
20,7.5,
36.5,8.4,
10.1,12.6,
79.2,4.5,
11.1,10.2,
51.2,6.1,
11.9,11.5,
68.2,16.5,
69,7.5,
5.3,10.2,
63.4,12.4,
21.2,8.1,
65.1,2.9,
21.2,6.6,
8.7,12.1,
18.8,10.8,
38.5,6,
52,3.4,
48.7,2.9,
24.9,10,
11.8,7.2,
12,25.8,
14.2,9,
79.8,5.9,
44.4,4.2,
44.9,3.6,
16.4,5.9,
76.5,5.7,
10.4,10.6,
24,5.1,
16,11.2,
17.2,7,
11.5,11.3,
12.4,6.9,
38.3,10.1,
31.8,10.9,
23.9,11.4,
67,8.3,
20.1,13.7,
27.3,7.6,
15.7,4.9,
21,6.2,
35.4,6.3,
23.5,6,
33.1,8.8,
7.1,14.3,
7.3,17.9,
6.1,5.8,
31,12,
17.5,5.1,
15.4,11.3,
13.5,7.9,
190.7,5.3,
31.6,4.1,
86.8,8.6,
11.5,7.3,
5.8,17.9,
10.5,10.4,
15.6,5.6,
60.9,5.5,
40.2,3.6,
8.6,10.4,
22.8,9.4,
10.8,5.3,
50.7,5.9,
8.9,5.2,
18.1,8.8,
32,3.6,
15,14.8,
27.3,3.7,
14.1,10.3,
82.1,5.3,
11.8,12.4,
27,15.9,
109.2,4.3,
58.8,5.2,
10.5,6.5,
5.8,10.2,
23.8,5.3,
168.7,5.5,
15.7,6.5,
5.1,10.6,
41.9,12.5,
28.9,6.4,
18.8,11.4,
54.1,4.8,
29.4,3.1,
15.7,10.4,
25.1,16.1,
32.3,6.2,
41.7,3.4,
49.7,3.5,
19.7,5.2,
41.4,5.8,
8.6,13.1,
24.1,17.1,
5.8,10.5,
16.6,10.3,
9,10.7,
46.6,4.6,
18.3,13.1,
68.7,7.4,
14.4,5.7,
17.6,6.7,
5.4,10.2,
7.2,10.1,
52.4,6,
25.7,13.4,
7.6,10.4,
57.2,7.5,
22.1,12,
13,3.7,
39.2,4.8,
23.4,12.2,
72.8,6.7,
33.5,12.6,
67.7,3,
82.7,5.2,
8,13.3,
28.4,8.5,
24.7,10.7,
10.3,11.1,
39.5,4.4,
9.6,11,
13.9,11.4,
11.3,11.1,
15.3,11.1,
34.5,11.3,
13.5,11.9,
16.3,12,
35.4,10.1,
41,7,
18.9,12.3,
52.6,3.9,
44.7,5.5,
63.6,2.9,
50.9,6.8,
11.9,5.2,
46.9,4.5,
79.6,4.9,
18.5,5,
8.9,11.1,
27.3,11.1,
28.9,14.7,
50.7,5.1,
30.1,7.3,
32.9,4.8,
60,5,
7.3,11,
5.5,11.8,
38.5,7,
18.8,12.4,
36.1,6.6,
7.8,13.4,
25.8,8.4,
22,6.7,
137.4,4.1,
15.2,10.3,
36.8,5.5,
14.6,7,
12.1,11,
35.6,2.8,
30.8,6.3,
17.1,11.9,
29.1,7.4,
16.7,15.8,
1.5,11.4,
80.9,4.4,
10.2,3.5,
19.4,3.9,
42,5.6,
8.8,11.9,
92.3,4.1,
4.4,11.9,
29.9,3.9,
21.2,3.5,
4.8,12.6,
21.8,6.4,
26.3,5.4,
21.1,3.6,
25.6,4.7,
18.1,3.8,
11.7,11.2,
34.7,9.1,
25.3,6.3,
3.6,10.9,
34.2,3.9,
13.3,6.7,
13.7,13.6,
24.1,5.4,
24,3.6,
57.9,7.7,
10.2,3.9,
33.5,5.1,
12.3,10.2,
14,11.1,
47.1,5.6,
15,10.9,
6.6,13.8,
3.8,4.2,
59.1,3.6,
29.2,9.5,
37.5,4.1,
21.9,5.6,
11.7,13.1,
16.3,5.9,
27.2,4.7,
18.9,12.2,
10.2,6.9,
24.4,4.5,
52.8,5.9,
95.8,5.4,
46.1,6.1,
31,7.3,
30.9,4.4,
64.5,4.2,
21.4,7.3,
25.6,4.2,
54.9,4.7,
51.1,5.4,
50.3,5.1,
3.7,6.6,
103.6,6.8,
12.4,18.9,
23,9.8,
8,13,
68.7,4.4,
49.3,4.1,
30.3,3.2,
19.1,5.5,
8,10.3,
14.8,7,
58.4,2.7,
18,6.1,
31.8,11.9,
12.5,6.2,
24,10.3,
20.3,15,
22.8,10.4,
15.3,11.4,
25.8,5.4,
12.2,12.8,
8.6,15.4,
17.3,13.6,
17.9,6.2,
11.4,13.7,
4.3,13.4,
5.3,10.8,
10.9,8.6,
119.8,6.1,
88.8,2.6,
8,11.6,
97.2,2.8,
57.3,3.4,
9.5,11,
7.5,12,
8.7,8.6,
20.3,8.2,
52.3,2.5,
47.9,4.3,
33,5.2,
48.8,9.3,
27.8,10.5,
4.5,10.7,
43.7,5.6,
44.5,3.5,
17.4,5.4,
10.6,12.3,
172.9,4.2,
3.1,10.2,
31.9,9.3,
19,11.2,
15.4,5.5,
5.8,8.7,
15.1,5.5,
33.8,16.6,
91.1,5.5,
28.6,13.7,
24.8,23.4,
53.9,7.7,
52.7,2.9,
33.7,9.7,
10,14.5,
12.7,5.1,
12.6,11.8,
23.6,11.9,
13.5,8.5,
57.9,5.4,
13.9,11.4,
4.6,10.2,
54,4.7,
30.5,11.2,
28.7,6.4,
9.2,11,
11.1,13.1,
39.3,3,
30.6,5.6,
71,4.1,
10.4,15.3,
46,4.5,
46.6,4.1,
15.1,6.7,
113.7,2.7,
130.4,2.8,
4.7,13,
13.8,11.3,
38.5,6.4,
12.7,11.7,
17.1,7.4,
13.5,11.8,
28.6,16,
10.9,10.2,
39,15.6,
70.9,6.4,
29,6.8,
9.3,5.1,
46.2,5.4,
33.8,7.1,
20.8,5.4,
37.2,12.3,
32.3,17.5,
15.6,5.6,
21.9,13.9,
16,10.4,
25.3,11.5,
28,8.9,
33.3,10.3,
48.2,8.8,
55.3,5.4,
60.2,7.1,
10.7,10.2,
21.9,5.8,
21.1,10.7,
167.3,2.7,
136.4,2.6,
4.6,10.4,
9.7,13.3,
30.4,5.4,
23.2,10.5,
25.5,10.1,
11.2,11.4,
15,11,
19.6,9.6,
99.4,3.2,
22.2,6.1,
24.6,5.9,
19.4,8.2,
2.9,17,
178.1,2.8,
36.1,7.6,
11.5,15.8,
15.4,3.1,
5.1,10.2,
15.2,10.3,
46.2,14.8,
25.9,12.1,
3.4,3.3,
21.4,6,
14.3,10.6,
88.8,4.5,
21.8,2.6,
39.1,9.9,
9.4,10.7,
36.5,4.2,
27.9,10.9,
28.2,6.6,
11.4,8.8,
17.5,10.2,
17.3,10.2,
12,12.4,
51.8,7.6,
18.8,5.4,
52.1,10.1,
14.7,5.5,
13.8,12.5,
18.3,10.7,
27.1,11.6,
8.1,11.4,
60.5,11.9,
58.1,4.3,
33.7,4.4,
10.6,5,
58.9,7.2,
27.7,5.6,
5.4,8.3,
7.7,11.3,
26.5,8,
14.7,10.8,
11.2,15.1,
18.6,8.4,
11.3,17.2,
9.3,13.3,
16.8,10.9,
21.3,5.6,
4.2,11.3,
60.5,8.9,
7.4,10.7,
8.7,10.3,
4.9,12.7,
154.6,5.9,
5.9,11.9,
4.7,10.6,
10.4,10.4,
9,11.2,
16,5.3,
48.9,4,
8.5,10.3,
89.9,6.1,
5.1,5.3,
46.4,5.3,
14.9,10.6,
46.8,5,
15.5,13.3,
24.3,12.2,
5.5,11,
81.9,7.1,
10.2,14.3,
9.1,11.8,
15.6,5.3,
36,3.9,
47.8,5.9,
31.1,8,
7.9,8.2,
41.3,5.4,
13.7,8.4,
25,5.3,
37.3,5.4,
7.5,10.5,
17.9,9.4,
14.2,10.9,
14.1,4.2,
110.4,5.4,
44.3,3.8,
41.1,3.7,
70,6.7,
29,5,
17,11,
5.3,10.6,
12.4,7.4,
21,9.6,
24,6,
35.7,10.6,
59.1,6.9,
7,10.3,
15.1,11.9,
27.2,3.7,
13.7,10.1,
18.8,13.4,
6.8,3.5,
23.5,5.9,
34.3,8.3,
9.6,10.7,
7.1,13.1,
5.5,3.6,
25.7,6.1,
15.7,4.7,
15.1,10.1,
33.5,15.3,
18.2,12.3,
29.5,12.4,
23.6,12.5,
0.1,15.2,
24.3,8,
16.3,14.5,
9.3,15.9,
13.3,12.5,
11.1,10.1,
42.5,4.2,
4.1,5.2,
6.4,11.6,
8.2,12.1,
10.7,12.3,
61.3,3.4,
125.3,7.2,
21.3,4,
25.3,3.9,
6.6,10.4,
7.8,11.3,
12.1,12.9,
10.5,8.1,
14.6,4.3,
35.2,10.8,
71.8,4.8,
9.7,13.2,
22.3,4.4,
16.8,7.4,
47.9,3.9,
29.7,5.8,
16,6.8,
18,18.1,
42.3,3.8,
17.3,5.8,
20.4,11.7,
20,6,
12.4,18.6,
12,11.1,
29.6,4,
10.9,10.6,
30.8,12,
17.2,12.8,
4.3,11.4,
18,6.2,
61.7,7.1,
17.8,4.3,
20.6,6.3,
8.8,15.2,
5.2,10,
15.8,11.8,
48.5,5.4,
17.7,6.3,
6.9,10.3,
12.2,11,
74.3,5.3,
11.3,10.6,
86.1,2.7,
42.3,4.4,
21,3.4,
71.8,7.9,
56.4,7.4,
4.9,10.3,
12.3,16.6,
62.7,5.6,
19.8,12.7,
29.8,3.6,
32.8,4,
20.2,8.2,
48.7,3.7,
40.2,10.7,
10.2,3.9,
8.5,15.6,
7,11.6,
4.1,11.8,
14.9,15,
14.9,12.4,
32.7,10.3,
25,6.6,
20.6,11.1,
31.5,5.2,
12.7,10.4,
20,12.2,
22,5.4,
35.2,3.9,
13.1,11.5,
18.8,10.6,
13.6,10.4,
16.7,12.9,
56.1,6.2,
53.4,4,
6.3,10.9,
17.8,11.5,
12.4,8.8,
35.8,11.1,
28.1,6.9,
76.5,6,
5.1,7.6,
96.8,4,
29.4,4.3,
51.9,6.1,
43.3,5.1,
12.1,6.2,
14.1,5.4,
40,6.2,
31.4,3.6,
14.2,10.7,
30.7,2.6,
27.7,3.5,
35,4.6,
2.9,12.7,
44.9,5.7,
28.8,6.5,
29.5,5.2,
83.7,5.3,
33.1,5.3,
25.7,13.7,
79.9,7,
7.4,11.4,
8.8,7.4,
91.5,5.3,
30.6,9,
16.7,11.1,
16.4,5.7,
64.7,4,
65.4,2.9,
66.4,4.1,
17,5,
11,12.2,
6.4,7.8,
60.8,6.8,
21.7,11.2,
69.3,3.6,
23.3,10.2,
8.1,10.3,
35.3,8.5,
122.9,10.5,
29.9,3.3,
34,7.8,
49.5,6.2,
27,13.1,
20.7,3.6,
39.6,5.7,
40.1,6,
48.3,10.1,
12.2,10.1,
28.8,2.6,
17.3,5.1,
82.2,15.9,
55.1,11,
7.9,10.1,
13.2,5,
19.3,11.6,
23.5,11.9,
5.6,12.3,
42.2,5,
12.2,10.6,
27.8,6.7,
19.8,11.9,
11,11.8,
28.1,9,
7,10.7,
36.4,4.1,
8.4,10.3,
7.6,2.5,
56.9,9.4,
30.2,5.7,
44.7,7.2,
17.5,10.3,
17.4,16.9,
14.2,5.6,
33.1,6.2,
31.9,11,
65,6.4,
14.2,5.1,
6.3,11.7,
66.2,6.3,
39.8,6.1,
7,10.4,
24.2,13.7,
34.2,2.6,
73.1,2.6,
77.1,4.9,
26.7,3.6,
121.6,3.5,
29.5,10.7,
24.8,12.1,
13.2,6.7,
6.7,10.3,
94.8,4.2,
12.5,12.2,
17.6,11.4,
22.3,7.5,
40.8,6.3,
10.8,12.4,
30.6,6.4,
19.5,10.5,
59.2,6.9,
23.2,10.1,
11,11.5,
27.3,4.7,
13.8,6.9,
72.1,2.5,
73.1,6.9,
13.6,12.2,
5.1,11.6,
9.3,10.5,
21.9,10.3,
16.8,9.6,
11.8,13,
29.2,6,
42.8,6.5,
9.8,11,
22.6,11.3,
31.9,5.4,
9.4,10.8,
6.7,14.2,
50.5,7.8,
53.4,5.6,
12,6.1,
15.8,10.2,
37.8,2.5,
46.7,11.9,
4.5,10.7,
21,5.3,
4.3,10.3,
34.7,10.6,
17,6.1,
106.8,9.3,
39.6,11.2,
7,10.7,
23,15.6,
17.2,14.1,
82.5,5.9,
31.1,13.7,
14.8,9,
25.1,5.1,
33.4,10.7,
17.9,4.6,
25.3,11.2,
31.9,4.5,
29.6,6.8,
16.3,11.4,
31.9,4,
83,3.7,
19.8,8,
24.7,3.9,
17.5,10.8,
25,10.5,
22.4,10.2,
27.3,4.8,
28.5,8,
38.8,4.2,
5.7,13.9,
7.6,11.7,
29.2,7,
35.6,10.8,
6.5,11.2,
68.3,2.6,
39.4,10.8,
8.4,11.2,
25.4,5.5,
17.6,13.3,
6.2,4.4,
30.1,5.7,
11.7,8.4,
20.6,7.2,
29.6,3.5,
28.9,7.1,
9.5,5.1,
5.2,11,
43,10.2,
8.8,10.2,
17,14.1,
61.6,3.4,
7.2,5.8,
14.1,11.6,
19.8,6.1,
24.8,7.1,
20.3,10.8,
14.4,7.4,
52.2,5.5,
28.7,5.2,
20.6,5.1,
118.1,7.9,
38.7,10.7,
14.3,5.1,
31.9,4.5,
17.4,7,
14.6,13.6,
19.5,8.2,
35.5,3.7,
11.1,11.4,
10.9,4.3,
16.9,16.5,
12.5,10.2,
21.8,5.3,
16.1,10.9,
185,4.3,
53.1,5.1,
13,7.3,
7.3,10.7,
22.2,9.7,
17.9,12.9,
139.6,3.3,
13.3,10.5,
11.7,25.2,
34.7,7.6,
7.7,11.1,
34.2,10.4,
12.5,5.8,
33.8,10.1,
153.7,2.7,
58.7,4.8,
11.8,11.4,
21.7,12.5,
183.1,5.2,
6.1,10.9,
3.1,19.2,
35.6,11,
18.7,10.8,
15.3,17.5,
17.4,12.3,
10.4,10.9,
24.3,6.9,
9.2,9.2,
44.1,7.1,
18.9,7.2,
38.3,5.1,
37.8,5.6,
8.1,14.2,
8.8,14,
25.2,7,
13,6.1,
30.1,7.2,
56.2,7.9,
2.2,10.8,
30.2,5.4,
36.9,5.1,
14.7,10.2,
24.5,11.2,
84.7,4.5,
33.1,7.2,
52.9,6.7,
40.2,12.6,
9.5,6.6,
18.3,11.6,
15.9,6.4,
24,9,
8.2,10.4,
7,11.1,
31.7,5.8,
10.5,9.6,
14.6,18.7,
7.3,10.9,
16.8,5,
25.1,4.9,
89.9,8.4,
6,10.9,
4.5,10.2,
31.3,5.5,
27.3,4.3,
5.7,11.3,
48.4,11.6,
24.7,10.8,
12.1,10.3,
64.1,6.2,
21.6,4.5,
9.8,10.5,
26.4,12,
19.9,6.6,
18.8,11.4,
14.6,13.9,
13.8,10.4,
72.7,7.2,
31.7,6.9,
28.7,5.7,
45.9,6.9,
35.1,5.4,
50.7,7.9,
6.4,10.8,
65.2,5.4,
16.6,9.3,
34,10.3,
114.9,5.9,
8.5,12.4,
15.9,12.8,
25.9,10.7,
14.4,10.4,
4.3,10.2,
18.4,6.6,
29.8,10.8,
29.6,10.9,
2.3,10.1,
7.6,10.9,
113,3.4,
101.4,2.9,
38.6,6,
126.4,5.2,
17,8.9,
8.1,11.1,
13.9,6.2,
5.3,16.4,
12.2,11.9,
21.8,5.2,
32.8,5.5,
36.4,2.7,
9.3,6.3,
86.5,9.6,
12.7,10.2,
8.2,7,
22.2,7.9,
19.6,7,
8.1,10.2,
14.2,7.9,
117.2,7.6,
16.9,10.7,
4.7,10.2,
62.7,4.5,
14.1,10.7,
16.7,10.8,
54.9,5.5,
46.1,6.5,
82.6,5.1,
42.3,3.5,
93.2,9.5,
13.5,11,
62.4,4.8,
22,10.4,
57.2,15.8,
61.4,7.2,
8.3,10.4,
9.1,12.2,
21.1,12,
61.1,7.4,
5.3,13,
6.8,12.8,
19.3,8.2,
21.6,10.8,
8.5,10.9,
10.8,7,
8.4,10,
44.6,6.3,
65.4,8.2,
36.2,3.4,
37.3,12.4,
26.7,5.5,
16.2,3.9,
7,11.1,
13.2,10.2,
37.1,10.4,
11.7,10.6,
27.4,6.9,
26.3,11.1,
31.9,2.8,
38.8,7.5,
22.3,11.8,
7.6,10.3,
16.6,5.6,
5.2,12.7,
42.7,8.7,
89.8,4.7,
22.2,5.5,
24.1,11.1,
12.7,13.6,
10.7,12.5,
11.7,10.1,
18.5,8.4,
56.8,8.1,
74,3.3,
27.6,11.1,
15.8,18.1,
5.2,12,
19.9,11,
144.6,4.1,
52.5,4.3,
22.6,5.4,
29.8,8.2,
38.7,6.1,
22.9,10.6,
36,6.6,
15.5,5,
32.4,4.3,
9.5,14.1,
45.3,11.8,
36.9,4,
20.1,14,
11.8,13.5,
40.9,12.5,
11.5,13.7,
6.1,14.6,
37.4,7.2,
20.2,9.1,
17.8,6.2,
37.1,4.4,
59.3,11,
15.2,18.6,
19.4,6.1,
6.3,11.8,
14,6.9,
40.8,9.9,
27.6,2.5,
15.3,5.2,
19.5,7.8,
14.2,10.5,
24.1,9,
6,18.6,
30.9,10.1,
6,10.9,
12.2,13.1,
18.9,11.4,
21.5,6.6,
17.2,5.7,
69,3.4,
20.9,5.1,
46.9,5.4,
15,5.9,
6,6.5,
25.8,10.1,
44.9,4.4,
4.9,10.3,
25.4,10.5,
14.9,11.2,
55.7,5.9,
4.1,14.7,
31,10.3,
60.1,13.8,
8.6,10.5,
8.1,7.3,
35.3,11.2,
10.3,14.5,
32.5,5.5,
80.9,7.3,
50,5.9,
50.2,4.7,
3.9,10.5,
18.9,5.1,
40.7,7.3,
7.2,10.8,
43,3.9,
85.4,5.3,
5.9,11.4,
75.6,8,
10.2,6.7,
63.6,5.6,
89.2,3.3,
10.3,11.5,
14.4,11.3,
8.7,10.2,
93.8,6.5,
28.7,11.2,
36.2,3.4,
8.7,5.6,
10.8,10.9,
16.7,10.4,
6,6.4,
8,11.1,
61,3.5,
19,11.1,
25.4,5.2,
14,6.6,
21,3.3,
24.1,4,
23.8,10.3,
34.8,5,
8.3,10.4,
33.1,4.1,
57.2,3.8,
29.2,2.5,
19.4,6.4,
47,3,
66,4.6,
34.4,3.4,
66.4,5.6,
15.6,5.5,
33.6,10.4,
48.8,6.2,
56.5,8.4,
32.5,10.3,
10.7,12,
22,5.2,
14.1,11,
30.9,3.4,
20.5,8.4,
14.2,10.3,
18.6,13.6,
8.8,11.1,
18.9,12.3,
6.7,10.3,
12.2,5.9,
4,11.1,
10.7,11.3,
19.6,5.7,
19.4,4.5,
16.6,5.9,
8.9,13.7,
6.6,13.1,
16.3,6.8,
108.8,7.7,
138.4,5.1,
27,4.4,
4.6,13.3,
82.8,5.3,
5.6,10.6,
11.4,15,
25.7,14.7,
12.3,6.6,
10.9,5.6,
40.7,5.6,
14.1,14.7,
17.6,6.9,
112.4,14,
54.7,8.5,
51,4.4,
14.6,6.3,
47,7.1,
17.9,10.3,
5.2,10.7,
128,4.9,
67.1,3.9,
7.1,5.1,
19.8,10.1,
8.9,10.7,
8.2,15.4,
48.7,12.6,
34.3,10.6,
41,4.4,
7.9,13.1,
129.3,9,
79.3,2.8,
6.9,11,
8.1,10.7,
18.8,5.2,
21.9,4.3,
28.3,12.5,
8.1,10.6,
34.4,4.7,
35.2,5.4,
34.3,5,
3,12.2,
14.5,14.4,
5.3,11.2,
13,12.3,
13.5,13.5,
18.3,21.7,
58.6,6.7,
55.6,5.3,
58.7,8.2,
17,12.5,
24.3,17.7,
11.7,10.1,
39.9,4.2,
10,11.1,
8,12.3,
13.9,10.7,
11.2,14.3,
6.8,10.9,
21,5.5,
85.9,5.8,
6,12.2,
50.1,3,
26.3,12,
40.2,5.8,
5.2,10.5,
10.2,11,
52.2,4,
30.5,14.6,
54,2.9,
29.3,3.4,
2.3,13.7,
24,10.1,
41.8,4.3,
35.8,3.8,
21.4,3.7,
9.2,11.1,
41.8,6.4,
19.7,6.6,
15.2,7.2,
99.7,5.5,
32,7.9,
30.8,5.6,
15.7,11.3,
44.1,6.2,
93.9,3.6,
55.3,4.1,
35.6,7,
78.4,3.4,
16.7,11.9,
5.1,11.7,
7,14.7,
10.6,16.8,
25,12,
42.3,7.7,
16.4,6.8,
16.3,7.3,
19.1,8.5,
26.7,3.7,
12.6,6,
40.3,3.6,
5.2,12.6,
29.5,5.5,
33.9,5.2,
16,3.5,
50.4,5.1,
39.1,6.2,
12.1,12.6,
9,10.9,
20.2,7.5,
34.3,3,
92,5.3,
21.3,7.1,
77,4.7,
45.1,4,
10.5,11.6,
27.7,6.7,
29,9.6,
2.1,12.6,
7.4,10.1,
17,11.3,
21,14.4,
47.7,3.5,
14.8,9,
36.1,7,
24.5,12.7,
10.3,5.1,
26.7,4.1,
14,13.9,
5.9,11,
38.9,13.2,
4.2,10.9,
19.6,8.2,
43.6,4.7,
8.5,6.1,
10.1,10.8,
14.3,5.4,
30.3,5.3,
81.2,5,
75,6.3,
33.3,5.8,
69.4,8.3,
11.2,10,
59.1,6.3,
68.7,6.2,
13.1,12.3,
25.8,10.4,
89.7,5.2,
19.7,3.2,
17.4,3.7,
24.3,12.3,
9.8,6.2,
8.9,19.2,
40.8,5.6,
9.8,10.8,
4.6,5.1,
26,4.5,
71.4,4.7,
38.1,5,
20.6,10.8,
35.5,10.4,
32.2,6,
9.5,10.7,
7.2,10.7,
48.5,5.7,
9.2,10.1,
7,12.1,
56.7,5.5,
23.4,10.2,
22.9,10.9,
42.8,3,
35.6,4.8,
11.3,5.2,
43.7,6.9,
47.1,4.4,
10.8,5,
32.2,5,
47.6,7.6,
24.3,5.2,
20.6,10.2,
32.1,6.9,
9.6,11.3,
8.4,10.3,
16.6,10.2,
59.2,6.4,
50.1,6,
11.3,10.3,
2,12.7,
15.6,11.1,
29.6,10.3,
14.9,7.7,
48.4,11.2,
35.8,6.1,
2.7,11.5,
39.3,5.2,
12.9,17.1,
60.7,3.4,
21.4,4.5,
76.3,5.8,
10.9,15.9,
9.7,13.6,
26.8,10.6,
38.5,8.1,
4.8,11.8,
14,10.1,
81.4,5.9,
81.3,10.2,
7.7,16.9,
15.6,5.4,
23,9.1,
7,12,
19,5.1,
221.6,3.9,
19.3,4.2,
9,10.1,
74.7,5.2,
38.6,10.4,
41.4,10.9,
17.6,11.5,
27.3,5.2,
21.3,4,
32.4,10.8,
31.6,6.5,
66.7,3.3,
56.1,9.8,
10.3,9.9,
22.1,5.1,
9.5,4.3,
9.4,11.9,
23.2,13,
8.3,5.1,
21.6,11.3,
14.6,5.9,
8.3,15.9,
33.8,11.9,
44.3,5.3,
36.6,6.9,
19.2,10.3,
23.9,3.4,
14.2,6.9,
60.1,3.9,
44.9,8.3,
11.4,11.3,
4,11.3,
30.2,5.2,
17.6,14.5,
33.3,7.5,
6.3,13,
34.1,4.5,
19.4,9.1,
35.6,3.7,
21.8,16,
102.4,5.1,
5.9,10.4,
19,13,
7.7,11.1,
11.3,10.8,
24.7,11.9,
38.8,6.3,
17.2,5.4,
16.5,11.6,
54.6,3.4,
11.9,21.5,
51.6,6.9,
8.6,11,
11.5,13.3,
16.8,11.6,
25.2,5,
24.6,6,
11.4,6.5,
56.9,3,
21.3,6.8,
9.2,10.2,
59.4,2.6,
22.5,12.2,
32,8,
14.3,3.9,
25,12.1,
49.7,7.2,
37.6,4.3,
8.6,10.5,
26.1,4.8,
39.8,10.4,
27.1,10.5,
108.9,3.4,
21.1,7.4,
134.5,3.9,
57.3,6.6,
38.5,3.7,
85.9,7.5,
49.5,5.3,
33,10.8,
18.6,6.4,
5.5,12.2,
14.5,10.3,
25.8,10.4,
8.1,10.5,
9.7,16.5,
94.6,3.5,
48.4,11.8,
12,10.6,
12.7,12.5,
6.1,15.8,
11,11.2,
40.4,7.3,
26.3,3.7,
27.1,4.6,
25.6,10.9,
23.8,11.7,
19.3,6.4,
18.1,5.1,
73,4,
37.5,6.1,
31.7,10.6,
11.3,13.4,
28.4,7.3,
26.4,5.5,
68.2,2.8,
30.9,10.7,
7,11.2,
6.8,10.2,
27.6,6.4,
19.7,5.6,
33.5,4.4,
7.9,12.8,
17.3,7,
12.7,12.2,
32.4,10,
6.7,11.1,
29.6,11.5,
8.1,14.2,
19.6,6.4,
14.8,10.2,
11.8,10.8,
15.1,5,
52.1,3.4,
8.9,10.8,
30.3,6.8,
67.5,3.8,
26.3,8.2,
10.6,12,
26.5,5.2,
16.5,11,
27.1,5.8,
4.6,10.1,
9.5,11.8,
5.8,10.1,
6.7,10.1,
6,12.9,
28,7.1,
12.8,6.8,
85.6,3.9,
12.2,3.7,
5.4,11.1,
33.2,11.3,
6.5,10.1,
21.3,6.3,
19,5.5,
5.7,11,
20.1,13.6,
35.7,6.2,
60.3,3.4,
10.4,11.9,
52.1,3,
7,15.2,
4.1,10.3,
102.3,5.2,
16.5,11.1,
18.9,5.3,
41.9,5.6,
23.5,10.3,
29.1,17.8,
21.6,3.4,
25.8,11.7,
1.9,10.6,
26.1,13.7,
21.9,7.7,
27.6,7.1,
5.4,18.4,
44.6,3.4,
11.4,12.5,
92,6.1,
17.6,6.3,
53,3.2,
55.4,8,
9.1,12.4,
17.7,14.7,
9.9,10.1,
6.1,11.9,
39.7,3.5,
18.3,12.8,
35.8,6.9,
26,10.2,
31.9,4.4,
15.5,8.7,
71,5.2,
28.6,13.4,
4.5,10.2,
10.9,11.5,
9.2,10.5,
23,7.5,
43.8,3.2,
73.6,3.8,
23.8,7.3,
13.2,17.1,
6.9,12.4,
27.5,4.6,
24.9,4.4,
16.2,5.6,
14.9,14.8,
11.6,14.3,
5.7,10.1,
25.7,4.8,
21.9,6,
54.3,7.5,
12.6,10.1,
27.8,6.6,
19.7,6.4,
18.5,7.2,
61.1,8.4,
45.3,4.2,
14.7,14,
4.7,11.3,
17.4,10.4,
10.4,10.1,
46.8,5.8,
37.3,7.4,
46,9.6,
25.7,10.2,
36.7,5.1,
91.3,8.5,
20.8,5.5,
13.9,5,
5.1,10.3,
40.9,14.2,
32,5.8,
107.5,5.2,
12.7,5.4,
20.3,6.9,
30.1,5.4,
9.7,10.2,
54.6,5.6,
41.3,8.6,
33.3,11,
74.6,5.1,
28.1,10.3,
43.5,5.4,
16,11,
42.2,8.1,
29,4.1,
33.4,10.3,
190,7.7,
32.2,7.6,
7.3,12.3,
39.5,5.5,
21.9,4,
8,13.8,
20.4,7.6,
12.5,5.8,
65.9,4.1,
7,10.3,
10.1,9.3,
7.3,10.3,
43,3.6,
10.2,10.2,
10.6,5.2,
8.2,10,
52.3,5.3,
49.4,5.6,
12.6,14.5,
9.8,11,
30.3,11.4,
10.9,11.1,
22.8,16,
13.4,10.4,
157.7,5.1,
7.1,6.6,
12,11.6,
13.4,5.9,
13.5,10.3,
3.7,6.6,
21.8,16.2,
17.2,5.6,
15.5,6.5,
18.1,10.2,
3.2,11.1,
4.2,4.9,
4.4,5.1,
9.9,5.9,
7.5,10.6,
46.2,10.3,
12.9,5.9,
30.5,5.1,
22,7.5,
20.7,10.5,
29,6.3,
14.9,5.6,
10.5,12.4,
29.4,10.7,
25.5,3.2,
19.6,9.9,
9.8,11,
7.4,10.5,
9.7,11.4,
7.8,10.1,
8.2,11.5,
13.4,19.4,
15,6.8,
10,11.9,
39.4,6.8,
13.7,12.2,
18,5.2,
18.3,12.5,
9.7,10.6,
6.3,7.9,
23.5,12.5,
17.8,3.6,
21.4,11.5,
7.7,12.2,
92.8,5.6,
17.4,5.3,
18.3,5.9,
52,5.3,
15.1,10.3,
21.4,10.9,
28.1,5.1,
14.3,13.5,
36.7,5.3,
5.6,11.6,
22.8,5.3,
30,3.7,
34.8,3.3,
16,5.8,
11,12.4,
32.3,5.1,
22.3,10.2,
10,11.4,
15.9,8.9,
7,11.3,
18.3,8.3,
5.8,11.5,
17.5,6.9,
18.4,3.4,
33,4.2,
23,12.8,
79.6,2.7,
10.2,12.5,
9.9,10.1,
18.9,12.2,
23.5,8.7,
59.1,3.6,
21.5,7.5,
6.6,13.2,
21.9,5.5,
30.6,3.7,
7.1,10.8,
1.9,4,
5.2,11.4,
2.8,11.8,
44.6,6.5,
18.9,10.1,
24.5,5.4,
67.4,2.9,
39.9,4.9,
145.5,7.6,
16.2,5.9,
48.8,7.3,
79.4,5.7,
7,13.9,
18.5,10,
47.9,3.4,
54,5.3,
24.6,15.5,
74.7,3.5,
41.8,5.1,
10.3,5.6,
30.9,12,
20.8,3.9,
38.6,19.7,
14,12.2,
5.9,10.5,
76.1,5.1,
12.4,5.3,
42.3,16.5,
26.5,3.3,
114.3,6.3,
9.1,11.5,
15.6,6,
10.3,5.9,
19.5,9,
13.6,11.3,
24.2,5.6,
21.1,10,
8,10,
17.7,15.8,
42.4,8.6,
114.3,5.1,
9.4,10.2,
6.9,12,
27,11,
86.5,5.1,
5.2,10.8,
65.4,5.1,
19.2,5.5,
56.7,7.6,
41.5,2.6,
14.9,5.7,
35.4,6.1,
35.5,5.8,
16,8.9,
11.2,11.6,
7.7,10.2,
8.4,10.2,
13.7,11.2,
29.8,3.3,
88.1,4.6,
14.1,5.6,
7.8,11.7,
21.7,4.7,
18.5,10.1,
57.7,3.9,
19.4,4.2,
15.5,5.3,
26.5,5.2,
20.4,11.3,
10.9,6.1,
32.6,2.6,
6.9,14.8,
9.8,12,
17,2.5,
18.5,10.3,
22.3,6.1,
4.6,11.2,
23.1,16.6,
31.1,6,
5.9,10.1,
48.7,6.3,
58.5,7.1,
52.4,6.9,
5.9,10.6,
10.1,15,
30.2,8.2,
35.3,14,
8.8,17.2,
15.8,15.4,
19.2,10,
36,11.2,
25.7,7.8,
25.3,9.1,
8.9,10.6,
43.1,6.4,
53.6,8.2,
10.9,7.1,
10.9,18.7,
14.1,13.5,
55.1,3.3,
61.6,3,
16.9,6.3,
3.6,10.7,
49.3,3.8,
14.8,18.2,
16.3,10.5,
13.3,11.3,
16,7.2,
5.4,11.3,
37.1,4.5,
46.4,3.5,
15.8,5.2,
49.3,2.7,
54.7,7.4,
45.6,7.3,
9.7,12.5,
23.5,6.1,
41.6,3.4,
53.6,4.9,
25.8,5.4,
29.9,5.8,
20.4,11.2,
18.3,7.9,
10.1,11.2,
8.9,10.8,
10.6,10.1,
8.2,10.5,
54.6,8.4,
16.6,10.2,
11.2,10.1,
34.3,12.1,
57,3.6,
9.9,5.1,
24.5,10.1,
17.1,5.5,
24,6.4,
15.7,10.2,
3.6,7,
21.3,13.2,
21.6,13.7,
26.4,4.3,
18.6,10,
53.8,2.7,
4.6,12.2,
8,8,
47.4,19.3,
6.5,11.9,
11.2,3,
9.7,10,
10,12,
8,10.4,
12.2,17.8,
38.6,8.7,
24.7,6.8,
55.3,2.6,
15.3,6.6,
13.8,6.2,
22.3,11.2,
21.8,7.4,
32,9,
25,12,
60,5.2,
29.4,5.5,
19.9,10.5,
14.1,6.3,
34.5,5.5,
17.8,13.2,
71.2,4.4,
39.8,4.3,
34.6,10,
7.6,12.1,
51.6,6,
5.8,12.4,
38.9,10.7,
69.8,4.1,
37.8,6.5,
48.1,5.8,
12.7,4.9,
126.2,5.7,
114.2,2.7,
40.6,5.4,
18.3,14.1,
28,7.8,
31.8,5.9,
21.7,5.2,
32.1,5.6,
11.6,10.9,
6.2,10.1,
27,16.8,
64.2,5.6,
17.9,19.7,
67.8,9,
40.8,6.3,
22,7.3,
42.5,10.1,
47.6,2.8,
67.9,9.4,
19.2,13.1,
14.7,11,
13.3,10.4,
18.9,6.9,
60.8,4.7,
37.3,5.8,
20.6,10.7,
85.2,3.3,
37.6,4.6,
45.7,5.8,
39.1,5.2,
40.4,6.6,
32.3,4.1,
36.2,5.8,
63.7,3.4,
46.8,5.3,
13.5,7.2,
41.8,6.4,
103.6,5.2,
38.4,6.2,
28,7.6,
74.2,9.6,
26.6,12.2,
25.6,6.4,
23.7,11.7,
60.3,6.4,
14.2,7.2,
115.3,5.8,
45,2.8,
23.1,10.2,
43.9,8.2,
17.8,4.8,
86.5,5.1,
35.1,6.2,
47.2,3.7,
124.5,3.5,
10.6,10.1,
22.1,7.9,
35.8,7.9,
26.8,2.8,
50.1,7.9,
15.4,11.3,
47.5,4.6,
17.9,14.8,
5.5,13.3,
35.7,11.7,
22.5,5.2,
10.2,10.1,
13.1,11.8,
41.8,5.8,
37,5.1,
16.2,4.4,
21.9,12.3,
8.6,10.2,
10.5,10.2,
34.7,11.3,
28.7,7,
13.8,6.7,
8.3,11.1,
11.5,10.1,
8,11.4,
40.5,5.7,
44.2,6.4,
11.1,10.5,
24.4,4,
14.8,13.4,
19.7,10.6,
6,11.8,
8.9,10.2,
52.7,4.7,
59.4,5.7,
25.2,7.8,
50.4,9.8,
82.4,9.2,
25.5,5.1,
69.4,3.1,
48.2,6.1,
68.3,10.5,
36.4,3.5,
7.4,10.2,
38,9.6,
16.6,14.3,
18.9,13.5,
62.1,17.1,
15.1,10.6,
11.8,7.9,
10.4,11,
36.1,6,
32.2,11.9,
67.2,14.3,
9.2,11.5,
51.5,17.2,
30.2,5.5,
25.1,14.6,
12.4,10.1,
25.4,10.2,
98.2,3.5,
32.4,7.6,
34,5.2,
14,5,
22.5,12.1,
77.5,5.6,
4.7,12.2,
13.2,12.3,
7,11.1,
62.4,4.1,
111.5,4.5,
11.4,10.5,
5.2,10.3,
28.8,6.2,
31.6,10,
53.3,4.4,
16.8,5.3,
23.7,3.6,
1.3,5.7,
23.5,10.7,
40.2,14.2,
122.2,4.1,
3.6,10.9,
12.1,10.6,
52.9,9.6,
121.2,8.1,
21.7,9,
48.6,3.4,
38.5,9.5,
34.1,3.4,
21.4,13.4,
28.5,6.7,
27.7,16,
16.7,11,
13.4,4.7,
78.1,5.4,
20.1,13.4,
45.8,4.9,
16.3,13.3,
172.3,5,
8.4,10.7,
5.7,11.1,
13.1,6.2,
9.5,11.9,
13.5,5.8,
64.4,5.7,
22.7,9.6,
13.4,10.3,
16.9,5.6,
5.6,11.2,
52.4,5.2,
19.3,7.2,
23.6,5.2,
43.1,9,
15.8,13.2,
13.1,13,
18.1,8.6,
43.9,6.6,
16.2,6,
29.7,9.1,
15.3,12.5,
63.7,7.6,
8.3,15.3,
30.6,5.5,
28.4,11.8,
20.5,11.3,
30.6,5.2,
98.2,5,
16.8,3.3,
27.7,10.2,
8.3,12.5,
45,3.4,
31.6,10.4,
23.5,10,
42.8,3.9,
25,14.2,
6.5,10.7,
77,2.8,
46.4,10.5,
33.7,9.7,
32,3.3,
18.7,4.8,
49.8,7.2,
16.9,5.3,
30.2,8.1,
33.7,3.1,
48,4.6,
21.4,10.3,
9.8,14.4,
4.7,15.4,
13,10.2,
8.6,14.9,
19.8,5.5,
116.9,6.9,
20.7,3.5,
95.6,5.5,
26.6,4,
6.8,15.6,
20.5,10.9,
55.5,15.1,
7.9,10.9,
43.6,10.8,
11.9,13.8,
14.7,3.8,
19.3,10.4,
24.8,5.1,
31.4,4.1,
9,10,
49.8,4.2,
6.7,10.7,
4.1,10.9,
22,13.5,
6.8,10.7,
21.1,5.4,
6.2,10.9,
14.3,3.4,
18.5,3.2,
12.4,10.1,
41.2,7.2,
23.1,10,
18.8,14,
22,6.2,
21.3,5.6,
31.9,11.1,
148.8,3.9,
39.6,4.2,
3.5,10.8,
7.3,11.3,
27.3,5.2,
27.9,5.7,
50.7,4.2,
24.2,15.6,
7.3,5,
88.3,10.1,
8,10.8,
41,8.8,
28.4,8,
17.3,5.9,
25.6,11.9,
65.1,7.8,
3.7,10.4,
24,10.2,
19.3,11.4,
29.7,3.6,
4.7,11.3,
19.1,6.4,
12.6,5.5,
24.1,5.7,
15.8,5.9,
45.1,4.8,
43.7,5.6,
49.6,3.5,
14.2,4.4,
14.9,10.5,
11.1,5.7,
42.1,7.6,
20.9,11.6,
18.5,10.4,
29.4,5.1,
50.6,6.6,
9.6,10.3,
136.6,5.4,
19,12.7,
8.4,10.3,
6.6,10.4,
20.9,3.4,
5.8,12.7,
27.3,10.3,
43.4,5.4,
19.7,5.4,
10.1,15.9,
15.8,11.8,
13.1,11.6,
36.4,4.7,
10.4,5.7,
27.2,9.8,
11.7,10.2,
74.8,5.9,
15.5,10.2,
14.7,10.3,
11.7,11.2,
28.4,11.7,
21.7,10.4,
99.5,3,
27.2,13.7,
28.2,3.7,
8.1,13.4,
18.8,5.9,
13,6.1,
75.6,7.6,
42.3,3.9,
8.4,10.3,
23.1,5,
8.8,12.6,
32.6,6.4,
29.9,6.8,
0,11.1,
94.2,5.6,
8.8,12.1,
168.1,4.2,
14.7,10.3,
11.5,5.6,
5.7,15.6,
17.4,12.1,
12.6,11.5,
20.4,10.3,
17.5,5.6,
10.7,17.2,
30.8,6.6,
20,5.1,
37.1,6.1,
40.4,6.4,
33.4,5.4,
47.9,4.4,
115.1,3,
21.3,11.8,
10,10.5,
16,6.2,
9.3,18.8,
63.2,3.4,
23.5,5.4,
31.5,8.4,
61.3,5.7,
16.1,12.3,
5.5,11.1,
37.6,3.9,
109.7,5.5,
9.3,10.2,
20.2,11.5,
8,5.9,
23.1,11.2,
22.3,10.7,
25,10.3,
12.7,5.5,
42,5.3,
28.2,5.8,
10.1,17.8,
29.7,4.5,
8.9,10.8,
20.7,8.3,
18.8,4.3,
6,13.9,
29.6,6.4,
58.8,5.6,
33.6,5,
11.8,8.9,
36.4,5.5,
4.5,12,
28.3,11.1,
40.9,6.8,
54.1,6.4,
11.3,6,
35.7,4.8,
12.5,10.1,
16.7,15.5,
23.5,6.6,
18,11.6,
21.6,4.8,
51.9,3.3,
47.4,6.5,
92.1,7.6,
4.3,11.3,
31.5,5.4,
21.1,8.9,
44.7,10.1,
32.9,10.4,
23,5.2,
6.2,10.5,
13.4,13.4,
26.7,9.9,
19.5,6,
10.5,10.9,
30.9,3.8,
14,15.4,
6.7,14.1,
55.4,5.5,
19.2,5.9,
54.1,10.8,
24,3.6,
6.5,10.4,
28.8,3.9,
9.5,13.1,
25.3,11.8,
38.4,6.1,
8,11.6,
67.5,5.4,
43.4,2.7,
85.4,3.6,
14.1,10.3,
34.8,3.8,
27.3,4.4,
17.6,12.7,
10.2,11.4,
22.9,11.5,
27.6,5,
15.8,5.8,
25.5,6.7,
36.3,10.3,
18.6,9.6,
19.3,8.2,
39.3,5.7,
8.1,12,
13.4,8.1,
19.9,11.9,
40.2,10.9,
26.6,7.1,
48.2,6,
7.1,12.7,
5.9,13,
67.9,5.4,
11,24.8,
20.1,10.2,
17.8,14.7,
49.3,3.5,
22.4,5.7,
11.8,13.5,
13.5,13,
8.4,10.4,
3,20,
56,3.2,
29,4.3,
2.7,10.4,
18.4,11.4,
3.2,15.4,
133.7,5.4,
46.6,6.9,
31.2,6.7,
13.4,5.1,
14.2,10.4,
9.7,5.3,
7.4,14,
34.6,9.2,
12.4,8.2,
7.3,16.7,
8.8,6.9,
70.1,10.3,
17.4,15.7,
12.5,12.6,
13.3,11.6,
11.3,13.8,
14.9,10.2,
51,9,
28.4,12.1,
18,8.5,
18.6,8.2,
24.9,10.2,
43,10.3,
90.4,5.4,
70.8,5.9,
28.6,9.1,
21.1,11.6,
20.3,3.7,
32.8,14,
34.6,4,
8.4,14.8,
8.7,12.7,
17.8,10,
14,13,
71.9,7.7,
109.1,5,
9.5,6.1,
13.8,10.9,
11.2,12.3,
35.2,3.8,
9.2,13.5,
24.4,10.1,
22.5,7,
45.6,4.2,
24.2,5.6,
13.2,11.7,
12.3,12.2,
56.1,7.1,
21.9,5.2,
65.2,3,
54,6.6,
11.7,15.8,
75.3,8.3,
27,6.1,
55.9,8.5,
20.7,10.2,
38.9,13.8,
56.5,5.2,
46.2,4.7,
10.5,5.4,
6.6,5.1,
26.1,5.5,
11.8,9.2,
41.8,5.6,
3.1,12.2,
7.1,10.9,
36.2,3.5,
57.8,11.8,
52.2,7.5,
18.7,5.6,
16.5,7.3,
14.3,3.5,
26.1,4.3,
30.7,4.9,
37,11.7,
145.2,6.1,
16.3,11.7,
27.5,7.9,
13.7,10.3,
53.5,4.8,
89,3.2,
16.3,10.9,
37.3,5.6,
40.5,5.1,
23.6,10.9,
30.3,3,
20.3,9.3,
19.4,6.3,
4.6,10.2,
89,6.7,
22.7,6.9,
150.6,3.7,
31.8,9,
7.7,10.1,
75.9,5.5,
49,8.4,
11.7,10.2,
14.2,6.7,
23.8,9.5,
16.3,19.2,
37.5,5.2,
15,13,
39.7,6.6,
18,5.6,
8.8,11.9,
21.3,3.9,
82.6,9,
50.3,5.1,
30.9,5.7,
18.6,6.4,
31.6,5.2,
30.5,10.1,
75.5,5.1,
5.8,11,
6.9,11.7,
78.9,6.7,
20.8,10.4,
15.6,5.6,
57.1,5.4,
88.3,5.3,
36.4,5.7,
114.2,6.2,
45.1,4.2,
60.6,6.7,
39.5,10.7,
60.3,5.4,
9.8,13.6,
12.2,11.8,
8.3,5.8,
6.7,13.4,
9.1,17.1,
8.9,10.4,
57.2,4.1,
38.5,6.7,
25.2,11.9,
93,2.7,
8,9.3,
19.7,5.5,
12,11.1,
15.5,3.6,
10.4,10.1,
29.7,10.4,
11.9,3.5,
16.4,13.6,
98.8,4.4,
40.5,5.5,
8,10.2,
6.3,14.6,
19.2,5.5,
10.2,15.8,
145.8,2.6,
49.1,10.8,
22.4,5.9,
5.3,17.2,
41.3,3.9,
28,13.2,
5.3,11.7,
41.2,13.6,
20.6,9.5,
80.4,5.7,
16.6,14.4,
17.7,6.8,
42,7.4,
114.7,7.5,
44.5,5.9,
9.9,10.5,
33.9,11.5,
64.5,4.1,
54.6,4.9,
26.5,7.5,
14.2,10.6,
34.9,4.4,
12.6,12.2,
15,11.5,
29.6,4.2,
74.4,6.9,
72.4,5,
16,5.3,
38.8,5.7,
10.9,10.8,
31.1,4.5,
15.2,10.6,
23,12.9,
6.3,10.2,
41.7,9.4,
25.4,6.6,
17.8,4.1,
28.2,4.7,
21.2,6,
8.1,10.8,
11.1,14.9,
83.4,12.6,
13.6,11.6,
7.3,6.9,
140.5,14.7,
3.7,14.2,
81.5,8.2,
16.5,10.5,
3.4,11.6,
23.9,10.1,
9,11.2,
27.4,9.1,
8.1,11.2,
34.8,7.3,
11.7,5.2,
20.1,11.2,
25,2.6,
29.4,4,
17,13,
17,12.9,
21.6,11,
34.2,7.6,
8.8,10.9,
7.1,9.6,
42.9,4.9,
64.4,5.4,
7.5,10.5,
5.2,12.1,
54.8,2.7,
41.3,11.1,
16,12.9,
3.9,14.9,
18.9,9,
23,6.3,
36.1,6.5,
20.6,8.1,
44.5,4.6,
14.7,8.4,
21.3,13.3,
44.7,3.7,
29.6,4.4,
65.8,4.4,
9,10.8,
16.1,3.4,
4.1,13,
4,11.2,
16.8,8.7,
15.1,4.3,
7.2,11.6,
152.2,4.8,
31.7,6.6,
4.9,10.2,
30.4,6.2,
12.6,12.7,
6.1,10.4,
9.9,5.1,
10.7,12.1,
18.6,13.5,
11.6,8.8,
10.1,11.8,
59.3,5.2,
10.7,13.3,
18.2,10.1,
57.6,7.5,
15.3,7.4,
45.2,7.7,
18.5,10.2,
60,5.5,
28.8,8.3,
75.1,4.5,
30.5,10.6,
9.4,14.4,
11.7,10.1,
154.5,4.9,
12.9,4.4,
26.8,5,
18.7,6.3,
51.5,7,
14.4,5.2,
30.4,5.4,
9.3,12.5,
27.4,9.7,
36.4,12.5,
29.3,10.2,
19.4,3.9,
18.9,6.5,
70,5.7,
7.4,5.2,
31.5,5.6,
3.6,12.7,
16.7,13.6,
44.4,12.3,
16.1,5.1,
28.7,6,
8.4,10.4,
14.8,10.8,
77.9,5,
32.5,8.1,
13.3,5.5,
12.2,4,
80.6,4,
33.2,3.6,
10,8.6,
22.1,16.3,
49.8,5.1,
10.4,10.3,
35.4,4.6,
30.7,6.7,
18.2,10.6,
14.6,7.5,
30.5,5.4,
10.1,10.1,
11.6,5.8,
4.6,14.2,
34.1,7.8,
1,11,
4.3,18.8,
13.5,8.3,
18.3,6,
10.4,10.2,
15.6,11.7,
19.6,9.6,
24.5,11.6,
13.6,5.2,
25.9,13.1,
96.8,3.6,
40.2,7.9,
32.5,7.2,
31.4,8.2,
18.3,13.4,
96.1,5.7,
11.8,4.1,
8.9,10.2,
14.5,5.4,
24.7,12.1,
24.6,4.5,
128.1,9,
11.5,5.9,
35.7,7.1,
72,9.3,
17.1,3.8,
31.5,3.4,
27.8,5.5,
11.8,10.1,
39.6,4.3,
63.6,3.7,
5.7,10.5,
20.8,4.7,
28.4,8.2,
80.2,6.5,
12.3,10.7,
43.7,5,
20.2,6.4,
28.4,7,
6.3,11.3,
39.2,3.8,
7.8,4.1,
25.6,3.8,
315.8,4.6,
10.5,10.4,
23,6.8,
6,11.1,
24.3,4.2,
37.6,3,
42.3,10.8,
62.2,6.8,
22,12.5,
14.3,3.3,
24.3,6.3,
29.9,5.7,
67.9,5.6,
35.5,7,
17.9,9.5,
69.9,3.4,
25.5,5.5,
20.3,5.8,
25.2,10.2,
30.7,6.3,
17.3,10.9,
15.5,10.6,
49,4.2,
16.2,10.3,
22.2,10,
44.6,5.8,
21.7,10,
23.1,4.8,
6.7,10.9,
12.3,10.4,
51.7,4.1,
7.9,11.8,
8.6,11.5,
12.6,10.3,
6.7,11,
30.5,7.5,
16.1,9.7,
36.1,5.4,
53.4,5.5,
36.6,10.7,
9.4,10.9,
5.6,11.1,
25.7,4,
8.5,10.1,
74.2,4,
24.9,10.1,
20.6,10.7,
59.1,4.7,
99.1,2.7,
6.6,10.7,
87,4,
7.4,10.4,
28.3,12,
15.6,14,
57.2,6.3,
32.1,5.6,
17.4,3.4,
56.6,6.7,
5.8,11,
6.4,11.6,
4.9,11.9,
17.2,5.7,
83.9,7.3,
57.2,5.3,
13.8,14.4,
14,5.4,
14.8,10.2,
9.9,11.2,
31.5,3.4,
32.2,12,
25.7,4.6,
12,5.1,
15.8,13.5,
51.7,9.5,
7.5,10.5,
48.3,5,
7,6.1,
7.3,10.5,
76.2,4.3,
22.9,15.4,
20.1,3.6,
10.1,11.1,
28.2,12.4,
30.2,5.4,
19.1,5.9,
40.1,5,
18.2,5.2,
27.2,8.7,
8.5,10.4,
5.8,13,
16.3,14,
13.9,7.1,
64,8.7,
10.4,11.6,
28.6,12,
10.3,12,
23.4,5.9,
21.3,3.8,
21.5,8.6,
26,5,
26.3,3.8,
9.3,10.7,
30.3,5.9,
6.7,10.7,
45.7,9.8,
68.9,5.1,
14.5,11,
19.4,14.3,
12.5,18,
17.9,12.5,
5.7,11.2,
14.6,12.1,
12.7,10.3,
129.2,3.9,
26.8,12.2,
38.5,12.4,
38.2,8.3,
40.9,5.4,
50,6.5,
20.4,5.7,
19.2,4.1,
5.6,13.1,
12.3,10.1,
43.8,6.7,
40.6,6.7,
53,5.2,
15.6,12,
12.9,11.8,
20.2,7.2,
16.8,10.3,
22.3,11.6,
9.4,10.5,
8.7,10.9,
63.3,5.9,
11.7,12.9,
17.8,7.1,
27.5,9.1,
7.9,10.3,
30.5,8.9,
64.1,2.5,
54.5,5.2,
13.8,5,
43.4,3.8,
6.5,11.4,
31.7,6.9,
7.4,19.9,
21.8,5.9,
23.2,10,
17.1,13.6,
18.1,6.7,
52.3,5.5,
43.8,12.3,
7.6,11.3,
32.6,7.2,
16.9,17.2,
15.5,11.9,
20.9,10.9,
26.4,12.2,
5.2,10.7,
164.9,2.8,
10.1,5.1,
21.3,7.3,
9.2,3.4,
14.2,2.9,
7.1,6.4,
13.3,10.4,
5.6,14.8,
11.4,6.2,
15.7,15.3,
62.3,7,
11.2,8.7,
22,11.9,
15.2,18.9,
9.4,10.3,
11.1,10.3,
20.6,5.5,
33.6,5.3,
13.1,10.5,
26.6,6.9,
6.8,10.8,
19.1,10.5,
40.9,7,
31.1,10,
17.5,5,
46,6.5,
22,8.1,
21.1,13.4,
7.4,11.2,
44.4,4,
22.8,10.5,
17.4,5.1,
29.6,6.2,
13.3,6.6,
11.9,6.9,
14,8.2,
12.7,10.7,
19.2,2.8,
95.5,6.2,
22.1,16.9,
8.8,10.2,
25,10.3,
108.5,5,
98.3,3.6,
47.9,5.9,
20.3,8.6,
67.5,7,
34.7,10.8,
14.3,11.1,
12,11.2,
11.1,13.8,
28.7,11.9,
16.6,11,
22,4.7,
14.6,10.9,
30.1,13.8,
8.2,10.3,
26.5,11.2,
15.5,15,
20.3,9.8,
13.6,10.6,
12.6,8.8,
5.1,10.6,
14.2,6,
8,5.5,
26.3,4.5,
30.8,8.7,
34,10.6,
59.2,6.4,
26.6,3,
56.7,6.3,
27.4,3.4,
34.4,3.7,
38.7,11,
21.6,7.5,
65.3,4.4,
34.5,8.6,
39.5,17.4,
52.6,9.2,
10.1,10.1,
32.1,11.2,
26.6,5.1,
16.3,12.6,
24.5,13.2,
9.2,15.8,
40.5,6.5,
82.4,3.6,
8.4,10.5,
31.9,11.1,
18.5,10.4,
112.3,6.6,
23.4,3.4,
23.2,8.1,
8.5,13.4,
32.3,10.3,
5.9,12.3,
11.5,12.1,
20,10.2,
30.9,8.6,
5.6,10.4,
56.6,7.3,
13,7.2,
17.7,11.1,
21.6,14.1,
16.2,5,
19.7,15,
38,5.4,
7.4,14.8,
15.5,10.3,
37.8,5.4,
27,6.5,
23.4,6.3,
55,7.2,
88.2,7.1,
8.4,11.1,
27.4,5.4,
31.3,6.2,
60.3,5.6,
19.3,5.4,
84,5.6,
29.4,7.1,
6.7,5.5,
17.1,12.9,
27.5,3.6,
33.5,5.1,
19.2,10.3,
26.9,10.6,
4.9,10.5,
10,12.8,
18.1,8.6,
117.8,6.7,
27.6,8.9,
8.5,5.1,
11.1,10.3,
16.1,7.5,
23.6,6.3,
12.6,11.3,
8.3,13.8,
49.7,8.7,
17.4,10.7,
25.5,12,
18.1,5.8,
16.4,5.7,
13.9,3.7,
10.5,10.1,
6.7,15.5,
16.1,6,
8.9,5.7,
10.8,12.9,
14.1,5.2,
26.3,5.1,
5.1,10.4,
53.1,7.4,
8.6,10.8,
15.2,11.1,
5.5,10.3,
11.3,11.8,
50.8,5.3,
114.1,4.4,
19.6,8.5,
12.5,13.4,
61.1,14.4,
21.2,4.1,
17,4.2,
13.7,14.7,
31.9,4.1,
5.4,11.8,
27,9.4,
10.7,6.6,
14.9,5.6,
21,10.4,
14.9,10.7,
9.2,11.9,
16.9,8.7,
8.4,12.8,
25.2,3.4,
91.2,5.1,
37.9,5.5,
30.2,3.9,
8.3,11.1,
39.6,5.1,
186.8,2.6,
4.9,5.6,
105.1,7.2,
32.2,10.4,
12,13.8,
13.2,11.8,
49.8,3.8,
72.3,5.5,
31.1,3.9,
9.6,11.3,
9,11,
12.5,11.7,
17.6,10.7,
32.6,10.3,
18.9,10.2,
7.9,5.4,
45.8,4.7,
16.9,5.3,
29.2,6.1,
7,13.4,
39.4,4.6,
31.9,11.1,
11.8,5.9,
20.5,10.4,
28.2,4.7,
5.2,11.4,
11.3,11.8,
48,6,
4.7,12.5,
16.2,10.3,
10.2,13.3,
5.6,11.5,
15.5,6.1,
31.1,5.8,
52.4,8.9,
18.9,15.9,
95.2,4.9,
18.2,12.5,
50.8,3.2,
10.8,5.6,
42.8,4.6,
29,4.1,
66.2,5.6,
30.6,4.9,
13.8,3.4,
20.3,20,
15.5,5.4,
7.1,11.6,
7.8,10.7,
6.4,12.2,
78.4,5.1,
20.8,11.2,
21.5,11.1,
18.8,5.2,
5.7,10,
12.1,11.2,
66.4,6.2,
112.9,3.7,
37.8,10.4,
20.9,5.2,
29,3.9,
96.3,9.1,
32.6,9.7,
14.9,10.6,
11.4,13.7,
24.3,4.3,
15.5,15.5,
9.5,12.7,
7.5,10.8,
9.8,11.1,
6.5,10.6,
16.3,8.5,
36.4,5.8,
57.3,8.8,
15.3,11.7,
44,5,
60.3,3.9,
20,5.8,
23.7,3.5,
19.8,6.2,
10,10.6,
14.1,10.3,
100.2,10.1,
12.9,6.2,
12.3,5.1,
47.9,5.6,
11.1,10.4,
21.8,12.5,
77,6.1,
7.6,5.2,
10.7,13.6,
85.7,4.1,
36.3,5.1,
14.4,5.1,
21.7,11.2,
11.4,13,
6.2,11.1,
21.5,5.4,
103.4,3.5,
12.6,12,
66.2,7.2,
16.5,5.8,
5.6,10.5,
14.1,5,
7.1,10.2,
9.5,10.7,
18.6,16.1,
9.9,10.1,
65.9,2.9,
61.9,7.3,
21.5,14,
58.4,9.5,
24.7,6.3,
18.9,4.6,
43.7,7.6,
27.3,9.6,
17.2,11,
75.6,5,
11,13.1,
25.5,13.7,
50.4,5.2,
18.6,10.3,
14.7,6.1,
15.2,5.8,
41.3,2.7,
4.6,12.6,
8.4,15.8,
15.8,6.4,
28.5,6.3,
47.5,5.2,
6.6,18.8,
2.4,12.2,
34.9,6,
18.5,7.6,
55.6,8.7,
13,12.7,
22.2,6.5,
25.7,6.4,
6.7,11,
25.3,4.1,
31,3.3,
12.7,8.8,
10.4,10.1,
9.1,10.1,
6.2,11.4,
9.2,10.2,
22.2,11.7,
16.2,15.4,
15.9,7.8,
52.1,3.6,
35.4,7,
7.7,10,
32.5,6.9,
11.7,5.1,
52.3,5.4,
18.9,15,
39.8,5.1,
18.3,5.7,
13.8,13,
11.7,12.5,
74.5,4.9,
29.9,5.9,
2.5,10.1,
6.1,10.3,
41.9,5.8,
14.2,12.5,
62.5,5.8,
37.4,3.4,
31,3.5,
18,12.6,
20.4,12.7,
36.7,9.7,
9.8,11.4,
60.5,7.5,
18.7,8.2,
56.4,8.8,
14.6,4.5,
12.1,10.3,
62.5,4.2,
36.7,12.6,
6.4,17,
8.5,12.2,
9.8,12.5,
52.7,6.9,
24.7,3,
14.6,13.1,
8.2,10,
26.2,3.6,
11.1,10.8,
27,11.8,
16.5,8.3,
27.8,13.4,
43.4,4.3,
19.8,10.7,
74.8,5.2,
25.4,11.7,
6.4,13.3,
37,7,
34.5,4.3,
48.8,11.8,
77.1,6.3,
58.2,7.8,
27.4,5.3,
69.9,5,
61.6,3.5,
28.2,3.5,
5.6,16.6,
35,13.2,
9.8,10,
16.1,9,
14.7,10.9,
6.2,17.6,
70.6,5.9,
5.4,13.3,
79.5,4.6,
74.7,3.1,
94.6,6.2,
12.2,11,
36.3,2.5,
91.5,13.7,
38,5.6,
4.4,12.8,
32.7,3.2,
15.8,6.8,
4.5,12.3,
4.7,11.5,
8.1,11.8,
12.3,10.3,
20.7,10.3,
41.7,6.3,
48.4,5.4,
59,4.1,
5.5,10.2,
47.7,12.6,
46.6,5.4,
22.8,4.6,
53.8,3.7,
23.8,4.3,
12.3,11.1,
16.3,14.6,
55.5,2.8,
12.6,13.1,
18.2,10.7,
59.1,7.1,
9.3,10.1,
85.4,5.7,
8.2,10.4,
29.6,6.5,
20,11.1,
21.9,2.9,
15.2,6.2,
5.9,12.8,
15.5,10.3,
27.1,10.1,
8.3,10.5,
13.4,6.5,
17.2,5.5,
49.8,5.5,
77.8,8.8,
68.8,5.1,
37.1,8,
69.5,4.3,
29.5,3.8,
8.6,8.5,
13.3,5.5,
35.3,5.7,
8.7,10.5,
22.7,11.8,
20.4,5.7,
34.4,5.3,
7.1,8.1,
22.6,6.3,
13,6.5,
17.6,5,
11.1,11.7,
93.2,5.6,
9.6,10.9,
23.4,6.1,
9.5,16,
32.5,8,
62.3,7.5,
25.1,5.3,
15.3,12.5,
22.3,7.7,
20.4,7.2,
70.5,5.8,
15.9,5.3,
16.4,12.1,
49.6,3.4,
8.4,10.4,
48.2,5.1,
26,6.6,
45.2,4.2,
16.1,10.2,
18.6,7.3,
28.7,3.9,
18.2,5.3,
14.9,12.6,
6.7,11.7,
29.9,4.1,
25.4,10.5,
21.2,5.2,
137.5,3.4,
24.6,11.1,
9.9,14.6,
7.4,13.1,
42.7,6.2,
8.8,11.2,
14.5,6.7,
17.8,10.2,
6.9,6.5,
11,10.8,
60.9,3.7,
9.5,12.6,
18.3,2.6,
43.4,12,
137.1,3.8,
7.7,14.1,
16.1,12.9,
44.7,5.1,
67,9.1,
10.7,7,
15.5,6,
37.5,6.9,
7.8,10.6,
36.4,4.2,
14.5,10.6,
18.5,5.8,
50.3,5.1,
33.3,3.8,
28.9,10.7,
14.1,11.2,
88.5,6.2,
40.6,7.3,
4.6,11.4,
37.8,9.1,
11.1,11.7,
14.1,6.5,
13.4,4.9,
20.4,5.5,
25.9,7.2,
21.9,3.7,
145.3,8.2,
51.4,3.8,
11.3,3.9,
33,6.3,
15.4,10.8,
11.9,12,
19.9,5,
5.3,11.3,
20.6,2.6,
38,3.8,
27.3,14.4,
51.2,10.4,
64.9,4.3,
9.7,10.1,
49.9,10.7,
28.8,5,
34.7,5.3,
26.4,3.7,
10.3,10.8,
11,6.1,
62.5,9.2,
78.3,6.2,
59,5.3,
13.1,11,
28,11.1,
17.5,14.3,
23.6,6.2,
28.5,6.4,
55.7,11.5,
23.4,11.1,
22.8,6.2,
188.2,3.2,
8,12.2,
7.3,12.7,
23.8,7.3,
17.2,10.2,
25.9,6.1,
49.1,4.8,
28.7,10.6,
72.9,6,
56.7,4.8,
6.3,10,
14.8,10.1,
38.1,6,
19.6,15.6,
17.7,12.7,
10.6,10.9,
8.4,10.2,
33.6,4.1,
14.7,5.5,
4,13.9,
37.9,13,
7.7,6.9,
16,11.4,
11.2,10.4,
18.4,3.8,
34.1,5.6,
34.4,7,
28.4,9.5,
110.8,2.5,
94.6,2.6,
15,10.2,
13.7,6.2,
64.8,7.6,
10.9,18,
15.2,13.7,
53,6.3,
16.3,6.2,
180,3.6,
11.9,13.7,
41.9,4.6,
60.3,5.5,
11.1,10.3,
22.3,13.2,
10.9,11.9,
16,12.7,
21.8,11.1,
21.4,10.4,
37.2,12.1,
26.6,8,
29.6,14.4,
85,4.9,
39.7,11.2,
19.3,6.1,
8.9,11.1,
105.1,3.2,
16.8,10.7,
40.7,11.1,
13.3,10.2,
55.4,9.3,
142.1,3.7,
24.8,10.1,
20.7,5.8,
32.9,12.2,
41.4,5.7,
12.3,10.7,
32.9,4.1,
6.3,13.2,
5.8,7.2,
22.7,12.9,
24.4,5.4,
240,4.3,
31.6,5.9,
122.4,4.1,
26.9,5.8,
10.9,11.1,
63.7,7.6,
22.6,10,
55.7,5.1,
41.1,7.1,
34.8,10.4,
17.8,3.6,
69.5,6.4,
16.2,10.2,
19.8,18.2,
30.7,3.4,
14.9,11.1,
12.5,10.5,
31.6,18.6,
25.2,10.3,
6,10.7,
56.3,5.7,
11.2,10.1,
15.3,5,
40.9,5,
8.5,10.1,
73.9,4.9,
40.9,9.1,
24.5,11.4,
14.5,5.8,
35.2,6.5,
5.2,10.4,
26,5.8,
8.1,10.5,
25.8,5.4,
44.1,3.5,
78.2,3.8,
61.4,3.5,
23.4,8.6,
33.9,5.6,
10.6,13.3,
64.2,5.3,
16.3,12.9,
31.2,6.7,
114.7,2.9,
6.9,10.6,
39,7.3,
10.1,12.2,
10.8,14.7,
23.8,6.9,
5.5,10.3,
18.3,10.1,
35.1,4.8,
6.6,10.6,
29.4,4.8,
85.2,3.6,
28.2,10.5,
25.3,2.5,
41.4,11.4,
13.8,6.5,
6.2,5.1,
21.9,5.2,
76.8,6.8,
30.7,13.5,
7.7,6.7,
54.3,5,
28.8,11.3,
10.3,10.1,
34.5,5.3,
28.2,11.4,
22.9,3.8,
31.4,9.2,
20.1,12.2,
41.3,7,
14.5,10.5,
24.3,7.6,
24.3,5.2,
36.8,3.6,
10.3,10.4,
18.8,3.5,
29.1,6,
22.4,5.7,
5.5,10.8,
4.7,14.2,
10.9,5.4,
20.4,12,
51.2,6,
5,10.1,
18.3,10.3,
45.7,4,
30.5,11.5,
84.6,2.8,
45.2,5.9,
53,5.9,
12,12.9,
16.5,6.2,
26.1,6.6,
15.6,12.9,
21.1,11.7,
36.2,5.6,
27.1,8.7,
37.8,6,
6.6,7.5,
36.7,8.1,
93.1,5.4,
10,11.6,
10.7,10.5,
32.4,17.2,
30,11.3,
13.7,3.8,
16.9,11.8,
10.5,15.5,
3.9,13.8,
15.1,13.7,
4,12,
27.7,5,
25.1,10.5,
7.4,14.6,
46.7,4.5,
18.2,11.7,
25.2,4.4,
12.5,10.4,
25.7,6.6,
41.4,5.1,
108.6,5.9,
41.3,3.2,
106.7,5.9,
10.6,6.9,
27.1,11.4,
17.5,14.6,
16.3,12.9,
18.2,5.2,
107.6,7.5,
78.8,3.6,
15,14.5,
16.7,11.2,
13.4,10.8,
21.2,5.3,
47.9,5.2,
22,7.3,
25,16.1,
11.7,9.9,
14.9,6.8,
16,10.9,
32,5.5,
42.8,7.5,
12.5,6.1,
28.4,11.1,
20.9,4,
7.5,10.2,
30.8,5.6,
6,10.4,
28.4,11.7,
6.6,11,
24.9,15,
48.9,4.8,
24.9,7,
8.8,10.5,
11.2,12.6,
28.1,13.3,
7.9,10.2,
69.6,3.2,
51,6.1,
14.4,12,
31.8,5.2,
33.5,11.4,
14.4,5.3,
11.4,11.7,
27.6,7.1,
8,10.8,
12.2,10.1,
9.2,12.3,
5.2,11,
20.8,3.7,
37.6,3.6,
26.6,10.8,
80.9,5.3,
53.4,5.2,
77.5,3.8,
8.2,12,
4.1,11.7,
23.7,5.2,
20.7,12.6,
12.6,12.5,
19.3,4.3,
7.6,9.9,
62.3,3.8,
38.5,11.1,
8.9,5.6,
70,3.5,
23.1,12.5,
49.9,4.4,
5,16.4,
52.4,6.7,
48.3,8.3,
6.1,14.1,
32.2,5.5,
40.1,6,
40,8.8,
29.8,6.2,
18,13.2,
26.5,2.7,
21.3,7,
8.6,10.3,
12.2,10.8,
159,5.1,
79.4,3.1,
1.9,4.3,
8.2,18.8,
47.1,3.9,
17.3,10.2,
21.9,11,
10,13.4,
18.9,5,
35.4,6,
37.1,7.4,
13.9,10.9,
7.8,11,
8.2,10.4,
91.7,4.1,
18.7,14.5,
41.5,5.1,
60.7,6.8,
42.2,15.3,
8.9,15.9,
7.7,10.1,
20.4,11.1,
25.3,5,
10.8,10.8,
15,10.6,
11.1,7.1,
15.1,10.5,
8.4,10.7,
16.5,8.6,
38.9,13.7,
15.6,7.2,
4.5,5.8,
25.4,10.6,
38.3,6.3,
6.5,11.7,
23.8,11.3,
21.2,10.6,
24.7,12.5,
11.9,15.4,
30.9,12.3,
11.4,11.6,
18,8.1,
24.6,5.7,
20.8,11.4,
3,13,
36.4,12,
58.2,4.6,
8.1,11,
43.7,2.7,
29.7,6,
11.2,5,
166.2,2.8,
11.7,5.5,
24.3,5.5,
45.5,5.3,
161.2,5.4,
55.4,7.2,
28.2,6.8,
7,11.8,
6.4,11.6,
46.7,5.6,
38,10.4,
10.3,11.5,
8.3,15.7,
4.4,11.7,
52.7,4.1,
9.9,10.5,
27.6,6.7,
122.1,3.9,
33.4,11,
9.6,10.9,
6.2,10.1,
78.2,3.4,
39.7,7.2,
49.6,3.7,
14.8,8.3,
11.8,11.7,
15.9,11.8,
24.1,7.3,
48.3,3.4,
19.3,5.1,
14.1,4,
22.2,2.8,
22.7,11.2,
28.5,4.3,
32.1,13.6,
37.8,4,
32,5.9,
9.9,13.2,
66.7,8.9,
94.8,5.7,
9.8,13,
76.9,4.7,
5.7,10.8,
65,8.6,
13.4,10.5,
16.3,12.7,
111.7,3.9,
68.3,5.1,
18.9,5.7,
17.8,5.2,
15.5,7.3,
28.9,6.9,
9.6,7.9,
77.5,3.5,
18.1,3.4,
25,6.1,
8.1,15.6,
68.2,5,
27.1,21.6,
19.9,7.4,
44.6,4.3,
79.8,4.1,
13.9,6.2,
12.1,5.8,
14.4,11.9,
24.1,10.6,
13.9,11.1,
13.1,6.3,
15.5,6.9,
10.1,13.4,
8.8,10.2,
13.7,12.7,
10.3,10.6,
28,2.6,
11,14.4,
11,7.7,
64.1,6.6,
31.2,5.5,
10.5,13.5,
11.9,7.2,
65.9,5.2,
24.2,6.4,
22.5,10.4,
9.1,12.8,
29.3,6.2,
46.4,6.4,
104.7,6.2,
35.4,6.4,
51.2,5.1,
18.9,10.7,
87.6,6.1,
27.8,4.3,
21.6,5.5,
65.7,10.8,
9.6,6,
76.4,11.2,
31.8,4.8,
22.9,8.4,
13.2,6.3,
23.6,7,
21.7,8.9,
14.9,6.4,
45.5,4.4,
33.2,6.6,
7.2,11.3,
7.1,6,
37.5,4.3,
15.5,5,
20.6,4,
8,10.9,
42.4,5.6,
69.2,4.6,
21.1,10,
21.6,10.1,
30.3,3.6,
15.4,11.7,
79.4,7.8,
4.6,10.6,
34.5,8.3,
8.3,10.5,
12.8,6.5,
93.3,20.8,
21.1,14.2,
18.4,10.6,
54.7,3,
25.4,3.7,
34.1,9.4,
14,11.4,
47.1,8.8,
31.1,13.4,
126.7,2.8,
25,5.7,
22.1,9.6,
29,11.6,
94.3,8.3,
